accession	accession_version	strain	date	region	country	division	location	length	host	date_released	date_updated	sra_accessions	authors	abbr_authors	institution
AF312381	AF312381.2	AF312381	XXXX-XX-XX					4379		2001-01-31	2003-05-05		Wang,H.,Beasley,D.W.,Li,L.,Holbrook,M.R.,Barrett,A.D.,Saeed,M.F.,Suderman,M.,Travassos da Rosa,A.,Shope,R.E.,Tesh,R.B.,Beasley,D.W.C.,Barrett,A.D.T.	Wang et al.	University of Texas Medical Branch, Microbiology and Immunology
AF441119	AF441119.1	AF441119	XXXX-XX-XX					4385		2003-12-23	2004-03-12		Aquino,V.H.,Figueiredo,L.T.,Figueiredo,L.T.M.	Aquino et al.	Faculdade de Medicina de Ribeirao Preto - USP, Unidade de Pesquisa em Virologia
HQ830373	HQ830373.1	AR19886	1960-XX-XX					526	Ochlerotatus serratus	2011-05-10	2016-07-25		Vasconcelos,H.B.,Nunes,M.R.,Casseb,L.M.,Carvalho,V.L.,Pinto da Silva,E.V.,Silva,M.,Casseb,S.M.,Vasconcelos,P.F.,Vasconcelos,P.F.C.	Vasconcelos et al.	Evandro Chagas Institute, Arbovirology and Hemorrhagic Fevers
HQ830374	HQ830374.1	H290086	1961-XX-XX					526	Homo sapiens	2011-05-10	2016-07-25		Vasconcelos,H.B.,Nunes,M.R.,Casseb,L.M.,Carvalho,V.L.,Pinto da Silva,E.V.,Silva,M.,Casseb,S.M.,Vasconcelos,P.F.,Vasconcelos,P.F.C.	Vasconcelos et al.	Evandro Chagas Institute, Arbovirology and Hemorrhagic Fevers
HQ830375	HQ830375.1	H290090	1961-XX-XX					526	Homo sapiens	2011-05-10	2016-07-25		Vasconcelos,H.B.,Nunes,M.R.,Casseb,L.M.,Carvalho,V.L.,Pinto da Silva,E.V.,Silva,M.,Casseb,S.M.,Vasconcelos,P.F.,Vasconcelos,P.F.C.	Vasconcelos et al.	Evandro Chagas Institute, Arbovirology and Hemorrhagic Fevers
HQ830376	HQ830376.1	H121293	1967-XX-XX					526	Homo sapiens	2011-05-10	2016-07-25		Vasconcelos,H.B.,Nunes,M.R.,Casseb,L.M.,Carvalho,V.L.,Pinto da Silva,E.V.,Silva,M.,Casseb,S.M.,Vasconcelos,P.F.,Vasconcelos,P.F.C.	Vasconcelos et al.	Evandro Chagas Institute, Arbovirology and Hemorrhagic Fevers
HQ830377	HQ830377.1	AR136921	1968-XX-XX					526	Culex quinquefasciatus	2011-05-10	2016-07-25		Vasconcelos,H.B.,Nunes,M.R.,Casseb,L.M.,Carvalho,V.L.,Pinto da Silva,E.V.,Silva,M.,Casseb,S.M.,Vasconcelos,P.F.,Vasconcelos,P.F.C.	Vasconcelos et al.	Evandro Chagas Institute, Arbovirology and Hemorrhagic Fevers
HQ830378	HQ830378.1	AN206119	1971-XX-XX					526	Bradypus tridactylus	2011-05-10	2016-07-25		Vasconcelos,H.B.,Nunes,M.R.,Casseb,L.M.,Carvalho,V.L.,Pinto da Silva,E.V.,Silva,M.,Casseb,S.M.,Vasconcelos,P.F.,Vasconcelos,P.F.C.	Vasconcelos et al.	Evandro Chagas Institute, Arbovirology and Hemorrhagic Fevers
HQ830379	HQ830379.1	AN208402	1971-XX-XX					526	Bradypus tridactylus	2011-05-10	2016-07-25		Vasconcelos,H.B.,Nunes,M.R.,Casseb,L.M.,Carvalho,V.L.,Pinto da Silva,E.V.,Silva,M.,Casseb,S.M.,Vasconcelos,P.F.,Vasconcelos,P.F.C.	Vasconcelos et al.	Evandro Chagas Institute, Arbovirology and Hemorrhagic Fevers
HQ830380	HQ830380.1	AN208819	1971-XX-XX					526	Bradypus tridactylus	2011-05-10	2016-07-25		Vasconcelos,H.B.,Nunes,M.R.,Casseb,L.M.,Carvalho,V.L.,Pinto da Silva,E.V.,Silva,M.,Casseb,S.M.,Vasconcelos,P.F.,Vasconcelos,P.F.C.	Vasconcelos et al.	Evandro Chagas Institute, Arbovirology and Hemorrhagic Fevers
HQ830381	HQ830381.1	H357173	1978-XX-XX					526	Bradypus tridactylus	2011-05-10	2016-07-25		Vasconcelos,H.B.,Nunes,M.R.,Casseb,L.M.,Carvalho,V.L.,Pinto da Silva,E.V.,Silva,M.,Casseb,S.M.,Vasconcelos,P.F.,Vasconcelos,P.F.C.	Vasconcelos et al.	Evandro Chagas Institute, Arbovirology and Hemorrhagic Fevers
HQ830382	HQ830382.1	AR366927	1979-XX-XX					526	Culicoides paraensis	2011-05-10	2016-07-25		Vasconcelos,H.B.,Nunes,M.R.,Casseb,L.M.,Carvalho,V.L.,Pinto da Silva,E.V.,Silva,M.,Casseb,S.M.,Vasconcelos,P.F.,Vasconcelos,P.F.C.	Vasconcelos et al.	Evandro Chagas Institute, Arbovirology and Hemorrhagic Fevers
HQ830383	HQ830383.1	H385591	1980-XX-XX					526	Homo sapiens	2011-05-10	2016-07-25		Vasconcelos,H.B.,Nunes,M.R.,Casseb,L.M.,Carvalho,V.L.,Pinto da Silva,E.V.,Silva,M.,Casseb,S.M.,Vasconcelos,P.F.,Vasconcelos,P.F.C.	Vasconcelos et al.	Evandro Chagas Institute, Arbovirology and Hemorrhagic Fevers
HQ830384	HQ830384.1	H389865	1980-XX-XX					526	Homo sapiens	2011-05-10	2016-07-25		Vasconcelos,H.B.,Nunes,M.R.,Casseb,L.M.,Carvalho,V.L.,Pinto da Silva,E.V.,Silva,M.,Casseb,S.M.,Vasconcelos,P.F.,Vasconcelos,P.F.C.	Vasconcelos et al.	Evandro Chagas Institute, Arbovirology and Hemorrhagic Fevers
HQ830385	HQ830385.1	H390242	1980-XX-XX					526	Homo sapiens	2011-05-10	2016-07-25		Vasconcelos,H.B.,Nunes,M.R.,Casseb,L.M.,Carvalho,V.L.,Pinto da Silva,E.V.,Silva,M.,Casseb,S.M.,Vasconcelos,P.F.,Vasconcelos,P.F.C.	Vasconcelos et al.	Evandro Chagas Institute, Arbovirology and Hemorrhagic Fevers
HQ830386	HQ830386.1	H472433	1988-XX-XX					526	Homo sapiens	2011-05-10	2016-07-25		Vasconcelos,H.B.,Nunes,M.R.,Casseb,L.M.,Carvalho,V.L.,Pinto da Silva,E.V.,Silva,M.,Casseb,S.M.,Vasconcelos,P.F.,Vasconcelos,P.F.C.	Vasconcelos et al.	Evandro Chagas Institute, Arbovirology and Hemorrhagic Fevers
HQ830387	HQ830387.1	H472435	1988-XX-XX					526	Homo sapiens	2011-05-10	2016-07-25		Vasconcelos,H.B.,Nunes,M.R.,Casseb,L.M.,Carvalho,V.L.,Pinto da Silva,E.V.,Silva,M.,Casseb,S.M.,Vasconcelos,P.F.,Vasconcelos,P.F.C.	Vasconcelos et al.	Evandro Chagas Institute, Arbovirology and Hemorrhagic Fevers
HQ830388	HQ830388.1	H498913	1988-XX-XX					526	Homo sapiens	2011-05-10	2016-07-25		Vasconcelos,H.B.,Nunes,M.R.,Casseb,L.M.,Carvalho,V.L.,Pinto da Silva,E.V.,Silva,M.,Casseb,S.M.,Vasconcelos,P.F.,Vasconcelos,P.F.C.	Vasconcelos et al.	Evandro Chagas Institute, Arbovirology and Hemorrhagic Fevers
HQ830389	HQ830389.1	H505768	1991-XX-XX					526	Homo sapiens	2011-05-10	2016-07-25		Vasconcelos,H.B.,Nunes,M.R.,Casseb,L.M.,Carvalho,V.L.,Pinto da Silva,E.V.,Silva,M.,Casseb,S.M.,Vasconcelos,P.F.,Vasconcelos,P.F.C.	Vasconcelos et al.	Evandro Chagas Institute, Arbovirology and Hemorrhagic Fevers
HQ830390	HQ830390.1	H521086	1993-XX-XX					526	Homo sapiens	2011-05-10	2016-07-25		Vasconcelos,H.B.,Nunes,M.R.,Casseb,L.M.,Carvalho,V.L.,Pinto da Silva,E.V.,Silva,M.,Casseb,S.M.,Vasconcelos,P.F.,Vasconcelos,P.F.C.	Vasconcelos et al.	Evandro Chagas Institute, Arbovirology and Hemorrhagic Fevers
HQ830391	HQ830391.1	H532314	1994-XX-XX					526	Homo sapiens	2011-05-10	2016-07-25		Vasconcelos,H.B.,Nunes,M.R.,Casseb,L.M.,Carvalho,V.L.,Pinto da Silva,E.V.,Silva,M.,Casseb,S.M.,Vasconcelos,P.F.,Vasconcelos,P.F.C.	Vasconcelos et al.	Evandro Chagas Institute, Arbovirology and Hemorrhagic Fevers
HQ830392	HQ830392.1	H532422	1994-XX-XX					526	Homo sapiens	2011-05-10	2016-07-25		Vasconcelos,H.B.,Nunes,M.R.,Casseb,L.M.,Carvalho,V.L.,Pinto da Silva,E.V.,Silva,M.,Casseb,S.M.,Vasconcelos,P.F.,Vasconcelos,P.F.C.	Vasconcelos et al.	Evandro Chagas Institute, Arbovirology and Hemorrhagic Fevers
HQ830393	HQ830393.1	H532490	1994-XX-XX					526	Homo sapiens	2011-05-10	2016-07-25		Vasconcelos,H.B.,Nunes,M.R.,Casseb,L.M.,Carvalho,V.L.,Pinto da Silva,E.V.,Silva,M.,Casseb,S.M.,Vasconcelos,P.F.,Vasconcelos,P.F.C.	Vasconcelos et al.	Evandro Chagas Institute, Arbovirology and Hemorrhagic Fevers
HQ830394	HQ830394.1	H532500	1994-XX-XX					526	Homo sapiens	2011-05-10	2016-07-25		Vasconcelos,H.B.,Nunes,M.R.,Casseb,L.M.,Carvalho,V.L.,Pinto da Silva,E.V.,Silva,M.,Casseb,S.M.,Vasconcelos,P.F.,Vasconcelos,P.F.C.	Vasconcelos et al.	Evandro Chagas Institute, Arbovirology and Hemorrhagic Fevers
HQ830395	HQ830395.1	H541140	1994-XX-XX					526	Homo sapiens	2011-05-10	2016-07-25		Vasconcelos,H.B.,Nunes,M.R.,Casseb,L.M.,Carvalho,V.L.,Pinto da Silva,E.V.,Silva,M.,Casseb,S.M.,Vasconcelos,P.F.,Vasconcelos,P.F.C.	Vasconcelos et al.	Evandro Chagas Institute, Arbovirology and Hemorrhagic Fevers
HQ830396	HQ830396.1	H543100	1996-XX-XX					526	Homo sapiens	2011-05-10	2016-07-25		Vasconcelos,H.B.,Nunes,M.R.,Casseb,L.M.,Carvalho,V.L.,Pinto da Silva,E.V.,Silva,M.,Casseb,S.M.,Vasconcelos,P.F.,Vasconcelos,P.F.C.	Vasconcelos et al.	Evandro Chagas Institute, Arbovirology and Hemorrhagic Fevers
HQ830397	HQ830397.1	H543629	1996-XX-XX					526	Homo sapiens	2011-05-10	2016-07-25		Vasconcelos,H.B.,Nunes,M.R.,Casseb,L.M.,Carvalho,V.L.,Pinto da Silva,E.V.,Silva,M.,Casseb,S.M.,Vasconcelos,P.F.,Vasconcelos,P.F.C.	Vasconcelos et al.	Evandro Chagas Institute, Arbovirology and Hemorrhagic Fevers
HQ830398	HQ830398.1	H543760	1996-XX-XX					526	Homo sapiens	2011-05-10	2016-07-25		Vasconcelos,H.B.,Nunes,M.R.,Casseb,L.M.,Carvalho,V.L.,Pinto da Silva,E.V.,Silva,M.,Casseb,S.M.,Vasconcelos,P.F.,Vasconcelos,P.F.C.	Vasconcelos et al.	Evandro Chagas Institute, Arbovirology and Hemorrhagic Fevers
HQ830399	HQ830399.1	H543857	1996-XX-XX					526	Homo sapiens	2011-05-10	2016-07-25		Vasconcelos,H.B.,Nunes,M.R.,Casseb,L.M.,Carvalho,V.L.,Pinto da Silva,E.V.,Silva,M.,Casseb,S.M.,Vasconcelos,P.F.,Vasconcelos,P.F.C.	Vasconcelos et al.	Evandro Chagas Institute, Arbovirology and Hemorrhagic Fevers
HQ830400	HQ830400.1	H669314	2003-XX-XX					526	Homo sapiens	2011-05-10	2016-07-25		Vasconcelos,H.B.,Nunes,M.R.,Casseb,L.M.,Carvalho,V.L.,Pinto da Silva,E.V.,Silva,M.,Casseb,S.M.,Vasconcelos,P.F.,Vasconcelos,P.F.C.	Vasconcelos et al.	Evandro Chagas Institute, Arbovirology and Hemorrhagic Fevers
HQ830401	HQ830401.1	AN622998	2000-XX-XX					526	Homo sapiens	2011-05-10	2016-07-25		Vasconcelos,H.B.,Nunes,M.R.,Casseb,L.M.,Carvalho,V.L.,Pinto da Silva,E.V.,Silva,M.,Casseb,S.M.,Vasconcelos,P.F.,Vasconcelos,P.F.C.	Vasconcelos et al.	Evandro Chagas Institute, Arbovirology and Hemorrhagic Fevers
HQ830402	HQ830402.1	H669315	2003-XX-XX					526	Homo sapiens	2011-05-10	2016-07-25		Vasconcelos,H.B.,Nunes,M.R.,Casseb,L.M.,Carvalho,V.L.,Pinto da Silva,E.V.,Silva,M.,Casseb,S.M.,Vasconcelos,P.F.,Vasconcelos,P.F.C.	Vasconcelos et al.	Evandro Chagas Institute, Arbovirology and Hemorrhagic Fevers
HQ830403	HQ830403.1	H682426	2004-XX-XX					526	Homo sapiens	2011-05-10	2016-07-25		Vasconcelos,H.B.,Nunes,M.R.,Casseb,L.M.,Carvalho,V.L.,Pinto da Silva,E.V.,Silva,M.,Casseb,S.M.,Vasconcelos,P.F.,Vasconcelos,P.F.C.	Vasconcelos et al.	Evandro Chagas Institute, Arbovirology and Hemorrhagic Fevers
HQ830404	HQ830404.1	H682431	2004-XX-XX					526	Homo sapiens	2011-05-10	2016-07-25		Vasconcelos,H.B.,Nunes,M.R.,Casseb,L.M.,Carvalho,V.L.,Pinto da Silva,E.V.,Silva,M.,Casseb,S.M.,Vasconcelos,P.F.,Vasconcelos,P.F.C.	Vasconcelos et al.	Evandro Chagas Institute, Arbovirology and Hemorrhagic Fevers
HQ830405	HQ830405.1	H708139PA47	2006-XX-XX					526	Homo sapiens	2011-05-10	2016-07-25		Vasconcelos,H.B.,Nunes,M.R.,Casseb,L.M.,Carvalho,V.L.,Pinto da Silva,E.V.,Silva,M.,Casseb,S.M.,Vasconcelos,P.F.,Vasconcelos,P.F.C.	Vasconcelos et al.	Evandro Chagas Institute, Arbovirology and Hemorrhagic Fevers
HQ830406	HQ830406.1	H707287	2006-XX-XX					526	Homo sapiens	2011-05-10	2016-07-25		Vasconcelos,H.B.,Nunes,M.R.,Casseb,L.M.,Carvalho,V.L.,Pinto da Silva,E.V.,Silva,M.,Casseb,S.M.,Vasconcelos,P.F.,Vasconcelos,P.F.C.	Vasconcelos et al.	Evandro Chagas Institute, Arbovirology and Hemorrhagic Fevers
HQ830407	HQ830407.1	H708717	2006-XX-XX					526	Homo sapiens	2011-05-10	2016-07-25		Vasconcelos,H.B.,Nunes,M.R.,Casseb,L.M.,Carvalho,V.L.,Pinto da Silva,E.V.,Silva,M.,Casseb,S.M.,Vasconcelos,P.F.,Vasconcelos,P.F.C.	Vasconcelos et al.	Evandro Chagas Institute, Arbovirology and Hemorrhagic Fevers
KC759123	KC759123.1	KC759123	XXXX-XX-XX	South America	Trinidad and Tobago	Trinidad		4357	Homo sapiens	2013-03-17	2013-03-17		Dugan,V.G.,Halpin,R.A.,Ghedin,E.,Fedorova,N.,Overton,L.,Tsitrin,T.,Stockwell,T.,Amedeo,P.,Appalla,L.,Bishop,B.,Edworthy,P.,Gupta,N.,Hoover,J.,Katzel,D.,Li,K.,Schobel,S.,Shrivastava,S.,Thovarai,V.,Wang,S.,Gorchakov,R.,Forrester,N.,Weaver,S.,Wentworth,D.E.,Tesh,R.	Dugan et al.	J. Craig Venter Institute
KC759126	KC759126.1	KC759126	XXXX-XX-XX	South America	Peru			4313	Homo sapiens	2013-03-17	2013-03-17		Dugan,V.G.,Halpin,R.A.,Ghedin,E.,Fedorova,N.,Overton,L.,Tsitrin,T.,Stockwell,T.,Amedeo,P.,Appalla,L.,Bishop,B.,Edworthy,P.,Gupta,N.,Hoover,J.,Katzel,D.,Li,K.,Schobel,S.,Shrivastava,S.,Thovarai,V.,Wang,S.,Gorchakov,R.,Forrester,N.,Weaver,S.,Wentworth,D.E.,Tesh,R.	Dugan et al.	J. Craig Venter Institute
KC759129	KC759129.1	KC759129	XXXX-XX-XX	North America	Panama			4259	Homo sapiens	2013-03-17	2013-03-17		Dugan,V.G.,Halpin,R.A.,Ghedin,E.,Fedorova,N.,Overton,L.,Tsitrin,T.,Stockwell,T.,Amedeo,P.,Appalla,L.,Bishop,B.,Edworthy,P.,Gupta,N.,Hoover,J.,Katzel,D.,Li,K.,Schobel,S.,Shrivastava,S.,Thovarai,V.,Wang,S.,Gorchakov,R.,Forrester,N.,Weaver,S.,Wentworth,D.E.,Tesh,R.	Dugan et al.	J. Craig Venter Institute
KP026180	KP026180.1	KP026180	1955-XX-XX	South America	Trinidad and Tobago	Trinidad	Sangre Grande	4385		2015-03-10	2015-03-10		Acrani,G.O.,Tilston-Lunel,N.L.,Spiegel,M.,Weidmann,M.,Dilcher,M.,Andrade da Silva,D.E.,Nunes,M.R.,Elliott,R.M.,Olszanski Acrani,G.,Nunes,M.R.T.	Acrani et al.	University Medical Center Goettingen, Department of Virology
KP052851	KP052851.1	KP052851	1960-XX-XX	South America	Brazil			4385	Bradypus tridactylus	2015-01-19	2015-03-04		Acrani,G.O.,Tilston-Lunel,N.L.,Spiegel,M.,Weidmann,M.,Dilcher,M.,Andrade da Silva,D.E.,Nunes,M.R.,Elliott,R.M.	Acrani et al.	University of Glasgow, MRC-Centre for Virus Research
KP691604	KP691604.1	BeH759024	2009-07-24	South America	Brazil			4385	Homo sapiens	2015-03-15	2015-03-15		Tilston-Lunel,N.L.,Hughes,J.,Acrani,G.O.,da Silva,D.E.,Azevedo,R.S.,Rodrigues,S.G.,Vasconcelos,P.F.,Nunes,M.R.,Elliott,R.M.,da Silva,D.E.A.,Azevedo,R.S.S.,Rodrigues,S.,Vasconcelos,P.F.C.,Nunes,M.R.T.	Tilston-Lunel et al.	University of Glasgow, MRC-Centre for Virus Research
KP691607	KP691607.1	BeH759021	2009-07-23	South America	Brazil			4385	Homo sapiens	2015-03-15	2015-03-15		Tilston-Lunel,N.L.,Hughes,J.,Acrani,G.O.,da Silva,D.E.,Azevedo,R.S.,Rodrigues,S.G.,Vasconcelos,P.F.,Nunes,M.R.,Elliott,R.M.,da Silva,D.E.A.,Azevedo,R.S.S.,Vasconcelos,P.F.C.,Nunes,M.R.T.	Tilston-Lunel et al.	University of Glasgow, MRC-Centre for Virus Research
KP691610	KP691610.1	BeH759022	2009-07-24	South America	Brazil			4385	Homo sapiens	2015-03-15	2015-03-15		Tilston-Lunel,N.L.,Hughes,J.,Acrani,G.O.,da Silva,D.E.,Azevedo,R.S.,Rodrigues,S.G.,Vasconcelos,P.F.,Nunes,M.R.,Elliott,R.M.,da Silva,D.E.A.,Azevedo,R.S.S.,Vasconcelos,P.F.C.,Nunes,M.R.T.	Tilston-Lunel et al.	University of Glasgow, MRC-Centre for Virus Research
KP691613	KP691613.1	BeH759025	2009-07-24	South America	Brazil			4385	Homo sapiens	2015-03-15	2015-03-15		Tilston-Lunel,N.L.,Hughes,J.,Acrani,G.O.,da Silva,D.E.,Azevedo,R.S.,Rodrigues,S.G.,Vasconcelos,P.F.,Nunes,M.R.,Elliott,R.M.,da Silva,D.E.A.,Azevedo,R.S.S.,Vasconcelos,P.F.C.,Nunes,M.R.T.	Tilston-Lunel et al.	University of Glasgow, MRC-Centre for Virus Research
KP691616	KP691616.1	BeH759040	2009-07-23	South America	Brazil			4385	Homo sapiens	2015-03-15	2015-03-15		Tilston-Lunel,N.L.,Hughes,J.,Acrani,G.O.,da Silva,D.E.,Azevedo,R.S.,Rodrigues,S.G.,Vasconcelos,P.F.,Nunes,M.R.,Elliott,R.M.,da Silva,D.E.A.,Azevedo,R.S.S.,Vasconcelos,P.F.C.,Nunes,M.R.T.	Tilston-Lunel et al.	University of Glasgow, MRC-Centre for Virus Research
KP691619	KP691619.1	BeH759529	2009-06-17	South America	Brazil			4385	Homo sapiens	2015-03-15	2015-03-15		Tilston-Lunel,N.L.,Hughes,J.,Acrani,G.O.,da Silva,D.E.,Azevedo,R.S.,Rodrigues,S.G.,Vasconcelos,P.F.,Nunes,M.R.,Elliott,R.M.,da Silva,D.E.A.,Azevedo,R.S.S.,Vasconcelos,P.F.C.,Nunes,M.R.T.	Tilston-Lunel et al.	University of Glasgow, MRC-Centre for Virus Research
KP691622	KP691622.1	BeH759620	2009-06-23	South America	Brazil			4385	Homo sapiens	2015-03-15	2015-03-15		Tilston-Lunel,N.L.,Hughes,J.,Acrani,G.O.,da Silva,D.E.,Azevedo,R.S.,Rodrigues,S.G.,Vasconcelos,P.F.,Nunes,M.R.,Elliott,R.M.,da Silva,D.E.A.,Azevedo,R.S.S.,Vasconcelos,P.F.C.,Nunes,M.R.T.	Tilston-Lunel et al.	University of Glasgow, MRC-Centre for Virus Research
KP691631	KP691631.1	BeH759146	2009-08-20	South America	Brazil			4385	Homo sapiens	2015-03-15	2015-03-15		Tilston-Lunel,N.L.,Hughes,J.,Acrani,G.O.,da Silva,D.E.,Azevedo,R.S.,Rodrigues,S.G.,Vasconcelos,P.F.,Nunes,M.R.,Elliott,R.M.,da Silva,D.E.A.,Azevedo,R.S.S.,Vasconcelos,P.F.C.,Nunes,M.R.T.	Tilston-Lunel et al.	University of Glasgow, MRC-Centre for Virus Research
KP795073	KP795073.1	KP795073	1992-04-XX	South America	Peru			4381	Homo sapiens	2016-09-01	2020-05-12		Travassos da Rosa,J.F.S.,Silva,S.P.,Lima,C.P.S.,Oliveira,L.F.,Vasconcelos,J.M.,Da Silva,D.E.A.,Travassos da Rosa,A.P.A.,Guzman,H.,Tesh,R.B.,Vasconcelos,P.F.C.,Cardoso,J.F.,Vianez-Junior,J.L.S.G.,Nunes,M.R.T.	Travassos da Rosa et al.	Evandro Chagas Institute, Center for Technological Innovation
KP795076	KP795076.1	KP795076	1989-XX-XX	North America	Panama			4387	Homo sapiens	2016-09-01	2020-05-12		Travassos da Rosa,J.F.S.,Silva,S.P.,Lima,C.P.S.,Oliveira,L.F.,Vasconcelos,J.M.,Da Silva,D.E.A.,Travassos da Rosa,A.P.A.,Guzman,H.,Tesh,R.B.,Vasconcelos,P.F.C.,Cardoso,J.F.,Vianez-Junior,J.L.S.G.,Nunes,M.R.T.	Travassos da Rosa et al.	Evandro Chagas Institute, Center for Technological Innovation
KP795079	KP795079.1	KP795079	1989-08-XX	North America	Panama			4380	Homo sapiens	2016-09-01	2020-05-12		Travassos da Rosa,J.F.S.,Silva,S.P.,Lima,C.P.S.,Oliveira,L.F.,Vasconcelos,J.M.,Da Silva,D.E.A.,Travassos da Rosa,A.P.A.,Guzman,H.,Tesh,R.B.,Vasconcelos,P.F.C.,Cardoso,J.F.,Vianez-Junior,J.L.S.G.,Nunes,M.R.T.	Travassos da Rosa et al.	Evandro Chagas Institute, Center for Technological Innovation
KP795082	KP795082.1	KP795082	1989-XX-XX	North America	Panama			4376	Homo sapiens	2016-09-01	2020-05-12		Travassos da Rosa,J.F.S.,Silva,S.P.,Lima,C.P.S.,Oliveira,L.F.,Vasconcelos,J.M.,Da Silva,D.E.A.,Travassos da Rosa,A.P.A.,Guzman,H.,Tesh,R.B.,Vasconcelos,P.F.C.,Cardoso,J.F.,Vianez-Junior,J.L.S.G.,Nunes,M.R.T.	Travassos da Rosa et al.	Evandro Chagas Institute, Center for Technological Innovation
KP795085	KP795085.1	KP795085	2008-03-XX	South America	Peru			4373	Homo sapiens	2016-09-01	2020-05-12		Travassos da Rosa,J.F.S.,Silva,S.P.,Lima,C.P.S.,Oliveira,L.F.,Vasconcelos,J.M.,Da Silva,D.E.A.,Travassos da Rosa,A.P.A.,Guzman,H.,Tesh,R.B.,Vasconcelos,P.F.C.,Cardoso,J.F.,Vianez-Junior,J.L.S.G.,Nunes,M.R.T.	Travassos da Rosa et al.	Evandro Chagas Institute, Center for Technological Innovation
KP795088	KP795088.1	KP795088	1995-06-XX	South America	Peru			4371	Homo sapiens	2016-09-01	2020-05-12		Travassos da Rosa,J.F.S.,Silva,S.P.,Lima,C.P.S.,Oliveira,L.F.,Vasconcelos,J.M.,Da Silva,D.E.A.,Travassos da Rosa,A.P.A.,Guzman,H.,Tesh,R.B.,Vasconcelos,P.F.C.,Cardoso,J.F.,Vianez-Junior,J.L.S.G.,Nunes,M.R.T.	Travassos da Rosa et al.	Evandro Chagas Institute, Center for Technological Innovation
KP795091	KP795091.1	KP795091	1997-08-XX	South America	Peru			4382	Homo sapiens	2016-09-01	2020-05-12		Travassos da Rosa,J.F.S.,Silva,S.P.,Lima,C.P.S.,Oliveira,L.F.,Vasconcelos,J.M.,Da Silva,D.E.A.,Travassos da Rosa,A.P.A.,Guzman,H.,Tesh,R.B.,Vasconcelos,P.F.C.,Cardoso,J.F.,Vianez-Junior,J.L.S.G.,Nunes,M.R.T.	Travassos da Rosa et al.	Evandro Chagas Institute, Center for Technological Innovation
KP795094	KP795094.1	KP795094	1998-04-XX	South America	Peru			4380	Homo sapiens	2016-09-01	2020-05-12		Travassos da Rosa,J.F.S.,Silva,S.P.,Lima,C.P.S.,Oliveira,L.F.,Vasconcelos,J.M.,Da Silva,D.E.A.,Travassos da Rosa,A.P.A.,Guzman,H.,Tesh,R.B.,Vasconcelos,P.F.C.,Cardoso,J.F.,Vianez-Junior,J.L.S.G.,Nunes,M.R.T.	Travassos da Rosa et al.	Evandro Chagas Institute, Center for Technological Innovation
KP795097	KP795097.1	KP795097	1994-02-XX	South America	Peru			4373	Homo sapiens	2016-09-01	2020-05-12		Travassos da Rosa,J.F.S.,Silva,S.P.,Lima,C.P.S.,Oliveira,L.F.,Vasconcelos,J.M.,Da Silva,D.E.A.,Travassos da Rosa,A.P.A.,Guzman,H.,Tesh,R.B.,Vasconcelos,P.F.C.,Cardoso,J.F.,Vianez-Junior,J.L.S.G.,Nunes,M.R.T.	Travassos da Rosa et al.	Evandro Chagas Institute, Center for Technological Innovation
KP795100	KP795100.1	KP795100	2000-05-XX	South America	Peru			4377	Homo sapiens	2016-09-01	2020-05-12		Travassos da Rosa,J.F.S.,Silva,S.P.,Lima,C.P.S.,Oliveira,L.F.,Vasconcelos,J.M.,Da Silva,D.E.A.,Travassos da Rosa,A.P.A.,Guzman,H.,Tesh,R.B.,Vasconcelos,P.F.C.,Cardoso,J.F.,Vianez-Junior,J.L.S.G.,Nunes,M.R.T.	Travassos da Rosa et al.	Evandro Chagas Institute, Center for Technological Innovation
KP795103	KP795103.1	KP795103	1999-10-XX	North America	Panama			4359	Homo sapiens	2016-09-01	2020-05-12		Travassos da Rosa,J.F.S.,Silva,S.P.,Lima,C.P.S.,Oliveira,L.F.,Vasconcelos,J.M.,Da Silva,D.E.A.,Travassos da Rosa,A.P.A.,Guzman,H.,Tesh,R.B.,Vasconcelos,P.F.C.,Cardoso,J.F.,Vianez-Junior,J.L.S.G.,Nunes,M.R.T.	Travassos da Rosa et al.	Evandro Chagas Institute, Center for Technological Innovation
MF620128	MF620128.1	MF620128	1961-01-13					4385		2017-09-16	2017-09-16		Wise,E.L.,Lewandowski,K.S.,Liberty,L.,Alexander,S.,Baker,N.P.,Russell,J.E.,Pullan,S.T.,Logue,C.H.	Wise et al.	Public Health England, NIS
MF926353	MF926353.1	MF926353	2016-04-01	South America	Ecuador			4387	Homo sapiens	2017-10-16	2017-10-16		Wise,E.L.,Pullan,S.T.,Marquez,S.,Paz,V.,Mosquera,J.D.,Mena,S.,Jackson,S.K.,Fejer,G.,Trueba,G.,Logue,C.H.	Wise et al.	Public Health England, NIS, Research
MG747504	MG747504.1	BeH 543100	1996-XX-XX	South America	Brazil			4385	Homo sapiens	2018-12-18	2018-12-18		Nunes,M.R.,de Souza,W.M.,Savji,N.,Figueiredo,M.L.,Cardoso,J.F.,da Silva,S.P.,da Silva de Lima,C.P.,Vasconcelos,H.B.,Rodrigues,S.G.,Ian Lipkin,W.,Vasconcelos,P.F.,Palacios,G.,Nunes,M.R.T.,de Lima,C.P.S.,Lipkin,W.I.,Vasconcelos,P.F.C.	Nunes et al.	University of Sao Paulo, Virology Research Center
MG747507	MG747507.1	BeH 389865	1980-XX-XX	South America	Brazil			4385	Homo sapiens	2018-12-18	2018-12-18		Nunes,M.R.,de Souza,W.M.,Savji,N.,Figueiredo,M.L.,Cardoso,J.F.,da Silva,S.P.,da Silva de Lima,C.P.,Vasconcelos,H.B.,Rodrigues,S.G.,Ian Lipkin,W.,Vasconcelos,P.F.,Palacios,G.,Nunes,M.R.T.,de Lima,C.P.S.,Lipkin,W.I.,Vasconcelos,P.F.C.	Nunes et al.	University of Sao Paulo, Virology Research Center
MG747510	MG747510.1	BeH 390242	1980-XX-XX	South America	Brazil			4385	Homo sapiens	2018-12-18	2018-12-18		Nunes,M.R.,de Souza,W.M.,Savji,N.,Figueiredo,M.L.,Cardoso,J.F.,da Silva,S.P.,da Silva de Lima,C.P.,Vasconcelos,H.B.,Rodrigues,S.G.,Ian Lipkin,W.,Vasconcelos,P.F.,Palacios,G.,Nunes,M.R.T.,de Lima,C.P.S.,Lipkin,W.I.,Vasconcelos,P.F.C.	Nunes et al.	University of Sao Paulo, Virology Research Center
MG747513	MG747513.1	BeH 472433	1988-XX-XX	South America	Brazil			4385	Homo sapiens	2018-12-18	2018-12-18		Nunes,M.R.,de Souza,W.M.,Savji,N.,Figueiredo,M.L.,Cardoso,J.F.,da Silva,S.P.,da Silva de Lima,C.P.,Vasconcelos,H.B.,Rodrigues,S.G.,Ian Lipkin,W.,Vasconcelos,P.F.,Palacios,G.,Nunes,M.R.T.,de Lima,C.P.S.,Lipkin,W.I.,Vasconcelos,P.F.C.	Nunes et al.	University of Sao Paulo, Virology Research Center
MG747516	MG747516.1	BeH 472435	1988-XX-XX	South America	Brazil			4385	Homo sapiens	2018-12-18	2018-12-18		Nunes,M.R.,de Souza,W.M.,Savji,N.,Figueiredo,M.L.,Cardoso,J.F.,da Silva,S.P.,da Silva de Lima,C.P.,Vasconcelos,H.B.,Rodrigues,S.G.,Ian Lipkin,W.,Vasconcelos,P.F.,Palacios,G.,Nunes,M.R.T.,de Lima,C.P.S.,Lipkin,W.I.,Vasconcelos,P.F.C.	Nunes et al.	University of Sao Paulo, Virology Research Center
MG747519	MG747519.1	BeH 421086	1993-XX-XX	South America	Brazil			4385	Homo sapiens	2018-12-18	2018-12-18		Nunes,M.R.,de Souza,W.M.,Savji,N.,Figueiredo,M.L.,Cardoso,J.F.,da Silva,S.P.,da Silva de Lima,C.P.,Vasconcelos,H.B.,Rodrigues,S.G.,Ian Lipkin,W.,Vasconcelos,P.F.,Palacios,G.,Nunes,M.R.T.,de Lima,C.P.S.,Lipkin,W.I.,Vasconcelos,P.F.C.	Nunes et al.	University of Sao Paulo, Virology Research Center
MG747522	MG747522.1	BeAn 626990	2000-XX-XX	South America	Brazil			4385	Callithrix sp.	2018-12-18	2018-12-18		Nunes,M.R.,de Souza,W.M.,Savji,N.,Figueiredo,M.L.,Cardoso,J.F.,da Silva,S.P.,da Silva de Lima,C.P.,Vasconcelos,H.B.,Rodrigues,S.G.,Ian Lipkin,W.,Vasconcelos,P.F.,Palacios,G.,Nunes,M.R.T.,de Lima,C.P.S.,Lipkin,W.I.,Vasconcelos,P.F.C.	Nunes et al.	University of Sao Paulo, Virology Research Center
MG747525	MG747525.1	BeAr 19886	1960-XX-XX	South America	Brazil			4385	Ochlerotatus serratus	2018-12-18	2018-12-18		Nunes,M.R.,de Souza,W.M.,Savji,N.,Figueiredo,M.L.,Cardoso,J.F.,da Silva,S.P.,da Silva de Lima,C.P.,Vasconcelos,H.B.,Rodrigues,S.G.,Ian Lipkin,W.,Vasconcelos,P.F.,Palacios,G.,Nunes,M.R.T.,de Lima,C.P.S.,Lipkin,W.I.,Vasconcelos,P.F.C.	Nunes et al.	University of Sao Paulo, Virology Research Center
MG747528	MG747528.1	BeH 29086	1961-XX-XX	South America	Brazil			4385	Homo sapiens	2018-12-18	2018-12-18		Nunes,M.R.,de Souza,W.M.,Savji,N.,Figueiredo,M.L.,Cardoso,J.F.,da Silva,S.P.,da Silva de Lima,C.P.,Vasconcelos,H.B.,Rodrigues,S.G.,Ian Lipkin,W.,Vasconcelos,P.F.,Palacios,G.,Nunes,M.R.T.,de Lima,C.P.S.,Lipkin,W.I.,Vasconcelos,P.F.C.	Nunes et al.	University of Sao Paulo, Virology Research Center
MG747531	MG747531.1	BeH 29090	1961-XX-XX	South America	Brazil			4385	Homo sapiens	2018-12-18	2018-12-18		Nunes,M.R.,de Souza,W.M.,Savji,N.,Figueiredo,M.L.,Cardoso,J.F.,da Silva,S.P.,da Silva de Lima,C.P.,Vasconcelos,H.B.,Rodrigues,S.G.,Ian Lipkin,W.,Vasconcelos,P.F.,Palacios,G.,Nunes,M.R.T.,de Lima,C.P.S.,Lipkin,W.I.,Vasconcelos,P.F.C.	Nunes et al.	University of Sao Paulo, Virology Research Center
MG747534	MG747534.1	BeH 121923	1967-XX-XX	South America	Brazil			4385	Homo sapiens	2018-12-18	2018-12-18		Nunes,M.R.,de Souza,W.M.,Savji,N.,Figueiredo,M.L.,Cardoso,J.F.,da Silva,S.P.,da Silva de Lima,C.P.,Vasconcelos,H.B.,Rodrigues,S.G.,Ian Lipkin,W.,Vasconcelos,P.F.,Palacios,G.,Nunes,M.R.T.,de Lima,C.P.S.,Lipkin,W.I.,Vasconcelos,P.F.C.	Nunes et al.	University of Sao Paulo, Virology Research Center
MG747537	MG747537.1	BeAr 136921	1968-XX-XX	South America	Brazil			4385	Culex quinquefasciatus	2018-12-18	2018-12-18		Nunes,M.R.,de Souza,W.M.,Savji,N.,Figueiredo,M.L.,Cardoso,J.F.,da Silva,S.P.,da Silva de Lima,C.P.,Vasconcelos,H.B.,Rodrigues,S.G.,Ian Lipkin,W.,Vasconcelos,P.F.,Palacios,G.,Nunes,M.R.T.,de Lima,C.P.S.,Lipkin,W.I.,Vasconcelos,P.F.C.	Nunes et al.	University of Sao Paulo, Virology Research Center
MG747540	MG747540.1	BeAn 206119	1971-XX-XX	South America	Brazil			4385	Bradypus tridactylus	2018-12-18	2018-12-18		Nunes,M.R.,de Souza,W.M.,Savji,N.,Figueiredo,M.L.,Cardoso,J.F.,da Silva,S.P.,da Silva de Lima,C.P.,Vasconcelos,H.B.,Rodrigues,S.G.,Ian Lipkin,W.,Vasconcelos,P.F.,Palacios,G.,Nunes,M.R.T.,de Lima,C.P.S.,Lipkin,W.I.,Vasconcelos,P.F.C.	Nunes et al.	University of Sao Paulo, Virology Research Center
MG747543	MG747543.1	BeAn 208402	1971-XX-XX	South America	Brazil			4385	Bradypus tridactylus	2018-12-18	2018-12-18		Nunes,M.R.,de Souza,W.M.,Savji,N.,Figueiredo,M.L.,Cardoso,J.F.,da Silva,S.P.,da Silva de Lima,C.P.,Vasconcelos,H.B.,Rodrigues,S.G.,Ian Lipkin,W.,Vasconcelos,P.F.,Palacios,G.,Nunes,M.R.T.,de Lima,C.P.S.,Lipkin,W.I.,Vasconcelos,P.F.C.	Nunes et al.	University of Sao Paulo, Virology Research Center
MG747546	MG747546.1	BeAn 208819	1971-XX-XX	South America	Brazil			4385	Bradypus tridactylus	2018-12-18	2018-12-18		Nunes,M.R.,de Souza,W.M.,Savji,N.,Figueiredo,M.L.,Cardoso,J.F.,da Silva,S.P.,da Silva de Lima,C.P.,Vasconcelos,H.B.,Rodrigues,S.G.,Ian Lipkin,W.,Vasconcelos,P.F.,Palacios,G.,Nunes,M.R.T.,de Lima,C.P.S.,Lipkin,W.I.,Vasconcelos,P.F.C.	Nunes et al.	University of Sao Paulo, Virology Research Center
MG747549	MG747549.1	BeH 355173	1978-XX-XX	South America	Brazil			4385	Homo sapiens	2018-12-18	2018-12-18		Nunes,M.R.,de Souza,W.M.,Savji,N.,Figueiredo,M.L.,Cardoso,J.F.,da Silva,S.P.,da Silva de Lima,C.P.,Vasconcelos,H.B.,Rodrigues,S.G.,Ian Lipkin,W.,Vasconcelos,P.F.,Palacios,G.,Nunes,M.R.T.,de Lima,C.P.S.,Lipkin,W.I.,Vasconcelos,P.F.C.	Nunes et al.	University of Sao Paulo, Virology Research Center
MG747552	MG747552.1	BeAr 366927	1979-XX-XX	South America	Brazil			4385	Culicoides paraensis	2018-12-18	2018-12-18		Nunes,M.R.,de Souza,W.M.,Savji,N.,Figueiredo,M.L.,Cardoso,J.F.,da Silva,S.P.,da Silva de Lima,C.P.,Vasconcelos,H.B.,Rodrigues,S.G.,Ian Lipkin,W.,Vasconcelos,P.F.,Palacios,G.,Nunes,M.R.T.,de Lima,C.P.S.,Lipkin,W.I.,Vasconcelos,P.F.C.	Nunes et al.	University of Sao Paulo, Virology Research Center
MG747555	MG747555.1	BeH 385591	1980-XX-XX	South America	Brazil			4385	Homo sapiens	2018-12-18	2018-12-18		Nunes,M.R.,de Souza,W.M.,Savji,N.,Figueiredo,M.L.,Cardoso,J.F.,da Silva,S.P.,da Silva de Lima,C.P.,Vasconcelos,H.B.,Rodrigues,S.G.,Ian Lipkin,W.,Vasconcelos,P.F.,Palacios,G.,Nunes,M.R.T.,de Lima,C.P.S.,Lipkin,W.I.,Vasconcelos,P.F.C.	Nunes et al.	University of Sao Paulo, Virology Research Center
MG747558	MG747558.1	BeH 532314	1994-XX-XX	South America	Brazil			4385	Homo sapiens	2018-12-18	2018-12-18		Nunes,M.R.,de Souza,W.M.,Savji,N.,Figueiredo,M.L.,Cardoso,J.F.,da Silva,S.P.,da Silva de Lima,C.P.,Vasconcelos,H.B.,Rodrigues,S.G.,Ian Lipkin,W.,Vasconcelos,P.F.,Palacios,G.,Nunes,M.R.T.,de Lima,C.P.S.,Lipkin,W.I.,Vasconcelos,P.F.C.	Nunes et al.	University of Sao Paulo, Virology Research Center
MG747561	MG747561.1	BeH 532422	1994-XX-XX	South America	Brazil			4385	Homo sapiens	2018-12-18	2018-12-18		Nunes,M.R.,de Souza,W.M.,Savji,N.,Figueiredo,M.L.,Cardoso,J.F.,da Silva,S.P.,da Silva de Lima,C.P.,Vasconcelos,H.B.,Rodrigues,S.G.,Ian Lipkin,W.,Vasconcelos,P.F.,Palacios,G.,Nunes,M.R.T.,de Lima,C.P.S.,Lipkin,W.I.,Vasconcelos,P.F.C.	Nunes et al.	University of Sao Paulo, Virology Research Center
MG747564	MG747564.1	BeH 532490	1994-XX-XX	South America	Brazil			4385	Homo sapiens	2018-12-18	2018-12-18		Nunes,M.R.,de Souza,W.M.,Savji,N.,Figueiredo,M.L.,Cardoso,J.F.,da Silva,S.P.,da Silva de Lima,C.P.,Vasconcelos,H.B.,Rodrigues,S.G.,Ian Lipkin,W.,Vasconcelos,P.F.,Palacios,G.,Nunes,M.R.T.,de Lima,C.P.S.,Lipkin,W.I.,Vasconcelos,P.F.C.	Nunes et al.	University of Sao Paulo, Virology Research Center
MG747567	MG747567.1	BeH 532500	1994-XX-XX	South America	Brazil			4385	Homo sapiens	2018-12-18	2018-12-18		Nunes,M.R.,de Souza,W.M.,Savji,N.,Figueiredo,M.L.,Cardoso,J.F.,da Silva,S.P.,da Silva de Lima,C.P.,Vasconcelos,H.B.,Rodrigues,S.G.,Ian Lipkin,W.,Vasconcelos,P.F.,Palacios,G.,Nunes,M.R.T.,de Lima,C.P.S.,Lipkin,W.I.,Vasconcelos,P.F.C.	Nunes et al.	University of Sao Paulo, Virology Research Center
MG747570	MG747570.1	BeH 541140	1994-XX-XX	South America	Brazil			4385	Homo sapiens	2018-12-18	2018-12-18		Nunes,M.R.,de Souza,W.M.,Savji,N.,Figueiredo,M.L.,Cardoso,J.F.,da Silva,S.P.,da Silva de Lima,C.P.,Vasconcelos,H.B.,Rodrigues,S.G.,Ian Lipkin,W.,Vasconcelos,P.F.,Palacios,G.,Nunes,M.R.T.,de Lima,C.P.S.,Lipkin,W.I.,Vasconcelos,P.F.C.	Nunes et al.	University of Sao Paulo, Virology Research Center
MG747573	MG747573.1	BeH 543629	1996-XX-XX	South America	Brazil			4385	Homo sapiens	2018-12-18	2018-12-18		Nunes,M.R.,de Souza,W.M.,Savji,N.,Figueiredo,M.L.,Cardoso,J.F.,da Silva,S.P.,da Silva de Lima,C.P.,Vasconcelos,H.B.,Rodrigues,S.G.,Ian Lipkin,W.,Vasconcelos,P.F.,Palacios,G.,Nunes,M.R.T.,de Lima,C.P.S.,Lipkin,W.I.,Vasconcelos,P.F.C.	Nunes et al.	University of Sao Paulo, Virology Research Center
MG747576	MG747576.1	BeH 543760	1996-XX-XX	South America	Brazil			4385	Homo sapiens	2018-12-18	2018-12-18		Nunes,M.R.,de Souza,W.M.,Savji,N.,Figueiredo,M.L.,Cardoso,J.F.,da Silva,S.P.,da Silva de Lima,C.P.,Vasconcelos,H.B.,Rodrigues,S.G.,Ian Lipkin,W.,Vasconcelos,P.F.,Palacios,G.,Nunes,M.R.T.,de Lima,C.P.S.,Lipkin,W.I.,Vasconcelos,P.F.C.	Nunes et al.	University of Sao Paulo, Virology Research Center
MG747579	MG747579.1	BeH 543857	1996-XX-XX	South America	Brazil			4385	Homo sapiens	2018-12-18	2018-12-18		Nunes,M.R.,de Souza,W.M.,Savji,N.,Figueiredo,M.L.,Cardoso,J.F.,da Silva,S.P.,da Silva de Lima,C.P.,Vasconcelos,H.B.,Rodrigues,S.G.,Ian Lipkin,W.,Vasconcelos,P.F.,Palacios,G.,Nunes,M.R.T.,de Lima,C.P.S.,Lipkin,W.I.,Vasconcelos,P.F.C.	Nunes et al.	University of Sao Paulo, Virology Research Center
MG747582	MG747582.1	PPS 522 H 669314	2003-XX-XX	South America	Brazil			4385	Homo sapiens	2018-12-18	2018-12-18		Nunes,M.R.,de Souza,W.M.,Savji,N.,Figueiredo,M.L.,Cardoso,J.F.,da Silva,S.P.,da Silva de Lima,C.P.,Vasconcelos,H.B.,Rodrigues,S.G.,Ian Lipkin,W.,Vasconcelos,P.F.,Palacios,G.,Nunes,M.R.T.,de Lima,C.P.S.,Lipkin,W.I.,Vasconcelos,P.F.C.	Nunes et al.	University of Sao Paulo, Virology Research Center
MG747585	MG747585.1	PPS 523 H 669315	2003-XX-XX	South America	Brazil			4385	Homo sapiens	2018-12-18	2018-12-18		Nunes,M.R.,de Souza,W.M.,Savji,N.,Figueiredo,M.L.,Cardoso,J.F.,da Silva,S.P.,da Silva de Lima,C.P.,Vasconcelos,H.B.,Rodrigues,S.G.,Ian Lipkin,W.,Vasconcelos,P.F.,Palacios,G.,Nunes,M.R.T.,de Lima,C.P.S.,Lipkin,W.I.,Vasconcelos,P.F.C.	Nunes et al.	University of Sao Paulo, Virology Research Center
MG747588	MG747588.1	PMOH 682426	2004-XX-XX	South America	Brazil			4385	Homo sapiens	2018-12-18	2018-12-18		Nunes,M.R.,de Souza,W.M.,Savji,N.,Figueiredo,M.L.,Cardoso,J.F.,da Silva,S.P.,da Silva de Lima,C.P.,Vasconcelos,H.B.,Rodrigues,S.G.,Ian Lipkin,W.,Vasconcelos,P.F.,Palacios,G.,Nunes,M.R.T.,de Lima,C.P.S.,Lipkin,W.I.,Vasconcelos,P.F.C.	Nunes et al.	University of Sao Paulo, Virology Research Center
MG747591	MG747591.1	PMOH 682431	2004-XX-XX	South America	Brazil			4385	Homo sapiens	2018-12-18	2018-12-18		Nunes,M.R.,de Souza,W.M.,Savji,N.,Figueiredo,M.L.,Cardoso,J.F.,da Silva,S.P.,da Silva de Lima,C.P.,Vasconcelos,H.B.,Rodrigues,S.G.,Ian Lipkin,W.,Vasconcelos,P.F.,Palacios,G.,Nunes,M.R.T.,de Lima,C.P.S.,Lipkin,W.I.,Vasconcelos,P.F.C.	Nunes et al.	University of Sao Paulo, Virology Research Center
MG747594	MG747594.1	BeH 708139	2006-XX-XX	South America	Brazil			4385	Homo sapiens	2018-12-18	2018-12-18		Nunes,M.R.,de Souza,W.M.,Savji,N.,Figueiredo,M.L.,Cardoso,J.F.,da Silva,S.P.,da Silva de Lima,C.P.,Vasconcelos,H.B.,Rodrigues,S.G.,Ian Lipkin,W.,Vasconcelos,P.F.,Palacios,G.,Nunes,M.R.T.,de Lima,C.P.S.,Lipkin,W.I.,Vasconcelos,P.F.C.	Nunes et al.	University of Sao Paulo, Virology Research Center
MG747597	MG747597.1	BeH 707287	2006-XX-XX	South America	Brazil			4385	Homo sapiens	2018-12-18	2018-12-18		Nunes,M.R.,de Souza,W.M.,Savji,N.,Figueiredo,M.L.,Cardoso,J.F.,da Silva,S.P.,da Silva de Lima,C.P.,Vasconcelos,H.B.,Rodrigues,S.G.,Ian Lipkin,W.,Vasconcelos,P.F.,Palacios,G.,Nunes,M.R.T.,de Lima,C.P.S.,Lipkin,W.I.,Vasconcelos,P.F.C.	Nunes et al.	University of Sao Paulo, Virology Research Center
MG747600	MG747600.1	BeH 708717	2006-XX-XX	South America	Brazil			4385	Homo sapiens	2018-12-18	2018-12-18		Nunes,M.R.,de Souza,W.M.,Savji,N.,Figueiredo,M.L.,Cardoso,J.F.,da Silva,S.P.,da Silva de Lima,C.P.,Vasconcelos,H.B.,Rodrigues,S.G.,Ian Lipkin,W.,Vasconcelos,P.F.,Palacios,G.,Nunes,M.R.T.,de Lima,C.P.S.,Lipkin,W.I.,Vasconcelos,P.F.C.	Nunes et al.	University of Sao Paulo, Virology Research Center
MG747603	MG747603.1	BeH 498913	1990-XX-XX	South America	Brazil			4385	Homo sapiens	2018-12-18	2018-12-18		Nunes,M.R.,de Souza,W.M.,Savji,N.,Figueiredo,M.L.,Cardoso,J.F.,da Silva,S.P.,da Silva de Lima,C.P.,Vasconcelos,H.B.,Rodrigues,S.G.,Ian Lipkin,W.,Vasconcelos,P.F.,Palacios,G.,Nunes,M.R.T.,de Lima,C.P.S.,Lipkin,W.I.,Vasconcelos,P.F.C.	Nunes et al.	University of Sao Paulo, Virology Research Center
MG747606	MG747606.1	BeH 505768	1991-XX-XX	South America	Brazil			4385	Homo sapiens	2018-12-18	2018-12-18		Nunes,M.R.,de Souza,W.M.,Savji,N.,Figueiredo,M.L.,Cardoso,J.F.,da Silva,S.P.,da Silva de Lima,C.P.,Vasconcelos,H.B.,Rodrigues,S.G.,Ian Lipkin,W.,Vasconcelos,P.F.,Palacios,G.,Nunes,M.R.T.,de Lima,C.P.S.,Lipkin,W.I.,Vasconcelos,P.F.C.	Nunes et al.	University of Sao Paulo, Virology Research Center
MK506823	MK506823.1	MK506823	2016-04-XX	South America	Ecuador			4387	Homo sapiens	2019-11-08	2019-11-08		Wise,E.L.,Logue,C.H.,Mellors,J.,Atkinson,B.,Marquez,S.,Zapata,S.,Paz,V.,Trueba,G.,Gutierrez,B.,Pybus,O.G.,Jackson,S.K.,Fejer,G.,Pullan,S.T.	Wise et al.	Public Health England, NIS, Research
MK506824	MK506824.1	MK506824	2016-04-XX	South America	Ecuador			4387	Homo sapiens	2019-11-08	2019-11-08		Wise,E.L.,Logue,C.H.,Mellors,J.,Atkinson,B.,Marquez,S.,Zapata,S.,Paz,V.,Trueba,G.,Gutierrez,B.,Pybus,O.G.,Jackson,S.K.,Fejer,G.,Pullan,S.T.	Wise et al.	Public Health England, NIS, Research
MK506825	MK506825.1	MK506825	2016-04-XX	South America	Ecuador			4387	Homo sapiens	2019-11-08	2019-11-08		Wise,E.L.,Logue,C.H.,Mellors,J.,Atkinson,B.,Marquez,S.,Zapata,S.,Paz,V.,Trueba,G.,Gutierrez,B.,Pybus,O.G.,Jackson,S.K.,Fejer,G.,Pullan,S.T.	Wise et al.	Public Health England, NIS, Research
MK506826	MK506826.1	MK506826	2016-04-XX	South America	Ecuador			4387	Homo sapiens	2019-11-08	2019-11-08		Wise,E.L.,Logue,C.H.,Mellors,J.,Atkinson,B.,Marquez,S.,Zapata,S.,Paz,V.,Trueba,G.,Gutierrez,B.,Pybus,O.G.,Jackson,S.K.,Fejer,G.,Pullan,S.T.	Wise et al.	Public Health England, NIS, Research
MK506827	MK506827.1	MK506827	2016-04-XX	South America	Ecuador			4387	Homo sapiens	2019-11-08	2019-11-08		Wise,E.L.,Logue,C.H.,Mellors,J.,Atkinson,B.,Marquez,S.,Zapata,S.,Paz,V.,Trueba,G.,Gutierrez,B.,Pybus,O.G.,Jackson,S.K.,Fejer,G.,Pullan,S.T.	Wise et al.	Public Health England, NIS, Research
MN264268	MN264268.1	MN264268	2014-05-26	North America	Haiti			4385	Homo sapiens	2020-03-22	2020-03-22		White,S.K.,Elbadry,M.A.,Morris,J.G. Jr.,Lednicky,J.A.	White et al.	University of Florida - Gainesville, Environmental and Global Health
MT879229	MT879229.1	MT879229	2018-03-30	South America	Brazil			4381	Homo sapiens	2021-06-21	2021-06-21		Chiang,J.O.,Azevedo,R.S.,Justino,M.C.A.,Matos,H.J.,Cabeca,H.L.S.,Silva,S.P.,Henriques,D.F.,Silva,E.V.P.,Andrade,G.S.S.,Vasconcelos,P.F.,Martins,L.C.,Azevedo,R.S.S.	Chiang et al.	Evandro Chagas Institute, Department of Arbovirology and Hemorrhagic Fevers
NC_005775	NC_005775.1	NC_005775	XXXX-XX-XX					4385		2004-03-04	2018-08-13		Aquino,V.H.,Figueiredo,L.T.,Figueiredo,L.T.M.	Aquino et al.	National Center for Biotechnology Information, NIH
OP407853	OP407853.1	AMA2291/H759582	2009-06-22	South America	Brazil			4370	Homo sapiens	2023-09-05	2023-09-05		Watanabe,A.,Silva,S.P.,Chiang,J.O.	Watanabe et al.	Evandro Chagas Institute, Department of Arbovirology and Hemorrhagic Fevers
PP153946	PP153946.1	LVM_ILMD_ZDC388	2023-05-11	South America	Brazil	Rondonia_Portovelho		4317	Homo sapiens	2024-02-04	2024-02-04		Almeida,T.,Silva,D.,Nascimento,F.,Mejia,M.,Nascimento,V.,Souza,V.,Oliveira,Y.,Casseb,L.,Chiang,J.,Cruz,A.C.,Rodrigues,J.T.,Morais,M.A.,Silva,C.,Vieira,D.,Meneses,C.,Maito,R.,Arcanjo,A.R.,Araujo,G.,Amorim,T.,Barros,D.,Delatorre,E.,Graf,T.,Wallau,G.,Bello,G.,Naveca,F.	Almeida et al.	Instituto Leonidas e Maria Deane - Fiocruz Amazonia, Laboratorio de Ecologia de Doencas Transmissiveis na Amazonia
PP153949	PP153949.1	LVM_ILMD_ZDC125	2023-03-02	South America	Brazil	Rondonia_Portovelho		4317	Homo sapiens	2024-02-04	2024-02-04		Almeida,T.,Silva,D.,Nascimento,F.,Mejia,M.,Nascimento,V.,Souza,V.,Oliveira,Y.,Casseb,L.,Chiang,J.,Cruz,A.C.,Rodrigues,J.T.,Morais,M.A.,Silva,C.,Vieira,D.,Meneses,C.,Maito,R.,Arcanjo,A.R.,Araujo,G.,Amorim,T.,Barros,D.,Delatorre,E.,Graf,T.,Wallau,G.,Bello,G.,Naveca,F.	Almeida et al.	Instituto Leonidas e Maria Deane - Fiocruz Amazonia, Laboratorio de Ecologia de Doencas Transmissiveis na Amazonia
PP153952	PP153952.1	LVM_ILMD_ZDC089	2023-01-09	South America	Brazil	Rondonia_Portovelho		4317	Homo sapiens	2024-02-04	2024-02-04		Almeida,T.,Silva,D.,Nascimento,F.,Mejia,M.,Nascimento,V.,Souza,V.,Oliveira,Y.,Casseb,L.,Chiang,J.,Cruz,A.C.,Rodrigues,J.T.,Morais,M.A.,Silva,C.,Vieira,D.,Meneses,C.,Maito,R.,Arcanjo,A.R.,Araujo,G.,Amorim,T.,Barros,D.,Delatorre,E.,Graf,T.,Wallau,G.,Bello,G.,Naveca,F.	Almeida et al.	Instituto Leonidas e Maria Deane - Fiocruz Amazonia, Laboratorio de Ecologia de Doencas Transmissiveis na Amazonia
PP153955	PP153955.1	LVM_ILMD_ZCD208	2023-03-23	South America	Brazil	Rondonia_Portovelho		4317	Homo sapiens	2024-02-04	2024-02-04		Almeida,T.,Silva,D.,Nascimento,F.,Mejia,M.,Nascimento,V.,Souza,V.,Oliveira,Y.,Casseb,L.,Chiang,J.,Cruz,A.C.,Rodrigues,J.T.,Morais,M.A.,Silva,C.,Vieira,D.,Meneses,C.,Maito,R.,Arcanjo,A.R.,Araujo,G.,Amorim,T.,Barros,D.,Delatorre,E.,Graf,T.,Wallau,G.,Bello,G.,Naveca,F.	Almeida et al.	Instituto Leonidas e Maria Deane - Fiocruz Amazonia, Laboratorio de Ecologia de Doencas Transmissiveis na Amazonia
PP153958	PP153958.1	LVM_ILMD_ZCD166	2023-03-14	South America	Brazil	Rondonia_Portovelho		4317	Homo sapiens	2024-02-04	2024-02-04		Almeida,T.,Silva,D.,Nascimento,F.,Mejia,M.,Nascimento,V.,Souza,V.,Oliveira,Y.,Casseb,L.,Chiang,J.,Cruz,A.C.,Rodrigues,J.T.,Morais,M.A.,Silva,C.,Vieira,D.,Meneses,C.,Maito,R.,Arcanjo,A.R.,Araujo,G.,Amorim,T.,Barros,D.,Delatorre,E.,Graf,T.,Wallau,G.,Bello,G.,Naveca,F.	Almeida et al.	Instituto Leonidas e Maria Deane - Fiocruz Amazonia, Laboratorio de Ecologia de Doencas Transmissiveis na Amazonia
PP153961	PP153961.1	LVM_ILMD_ZCD155	2023-03-09	South America	Brazil	Rondonia_Portovelho		4317	Homo sapiens	2024-02-04	2024-02-04		Almeida,T.,Silva,D.,Nascimento,F.,Mejia,M.,Nascimento,V.,Souza,V.,Oliveira,Y.,Casseb,L.,Chiang,J.,Cruz,A.C.,Rodrigues,J.T.,Morais,M.A.,Silva,C.,Vieira,D.,Meneses,C.,Maito,R.,Arcanjo,A.R.,Araujo,G.,Amorim,T.,Barros,D.,Delatorre,E.,Graf,T.,Wallau,G.,Bello,G.,Naveca,F.	Almeida et al.	Instituto Leonidas e Maria Deane - Fiocruz Amazonia, Laboratorio de Ecologia de Doencas Transmissiveis na Amazonia
PP153964	PP153964.1	LVM_ILMD_ZCD142	2023-03-08	South America	Brazil	Rondonia_Portovelho		4317	Homo sapiens	2024-02-04	2024-02-04		Almeida,T.,Silva,D.,Nascimento,F.,Mejia,M.,Nascimento,V.,Souza,V.,Oliveira,Y.,Casseb,L.,Chiang,J.,Cruz,A.C.,Rodrigues,J.T.,Morais,M.A.,Silva,C.,Vieira,D.,Meneses,C.,Maito,R.,Arcanjo,A.R.,Araujo,G.,Amorim,T.,Barros,D.,Delatorre,E.,Graf,T.,Wallau,G.,Bello,G.,Naveca,F.	Almeida et al.	Instituto Leonidas e Maria Deane - Fiocruz Amazonia, Laboratorio de Ecologia de Doencas Transmissiveis na Amazonia
PP153967	PP153967.1	LVM_ILMD_ZCD123	2023-02-14	South America	Brazil	Rondonia_Portovelho		4317	Homo sapiens	2024-02-04	2024-02-04		Almeida,T.,Silva,D.,Nascimento,F.,Mejia,M.,Nascimento,V.,Souza,V.,Oliveira,Y.,Casseb,L.,Chiang,J.,Cruz,A.C.,Rodrigues,J.T.,Morais,M.A.,Silva,C.,Vieira,D.,Meneses,C.,Maito,R.,Arcanjo,A.R.,Araujo,G.,Amorim,T.,Barros,D.,Delatorre,E.,Graf,T.,Wallau,G.,Bello,G.,Naveca,F.	Almeida et al.	Instituto Leonidas e Maria Deane - Fiocruz Amazonia, Laboratorio de Ecologia de Doencas Transmissiveis na Amazonia
PP153970	PP153970.1	LVM_ILMD_ZCD121	2023-02-06	South America	Brazil	Rondonia_Portovelho		4317	Homo sapiens	2024-02-04	2024-02-04		Almeida,T.,Silva,D.,Nascimento,F.,Mejia,M.,Nascimento,V.,Souza,V.,Oliveira,Y.,Casseb,L.,Chiang,J.,Cruz,A.C.,Rodrigues,J.T.,Morais,M.A.,Silva,C.,Vieira,D.,Meneses,C.,Maito,R.,Arcanjo,A.R.,Araujo,G.,Amorim,T.,Barros,D.,Delatorre,E.,Graf,T.,Wallau,G.,Bello,G.,Naveca,F.	Almeida et al.	Instituto Leonidas e Maria Deane - Fiocruz Amazonia, Laboratorio de Ecologia de Doencas Transmissiveis na Amazonia
PP153973	PP153973.1	LVM_ILMD_ZCD117	2023-02-01	South America	Brazil	Rondonia_Portovelho		4047	Homo sapiens	2024-02-04	2024-02-04		Almeida,T.,Silva,D.,Nascimento,F.,Mejia,M.,Nascimento,V.,Souza,V.,Oliveira,Y.,Casseb,L.,Chiang,J.,Cruz,A.C.,Rodrigues,J.T.,Morais,M.A.,Silva,C.,Vieira,D.,Meneses,C.,Maito,R.,Arcanjo,A.R.,Araujo,G.,Amorim,T.,Barros,D.,Delatorre,E.,Graf,T.,Wallau,G.,Bello,G.,Naveca,F.	Almeida et al.	Instituto Leonidas e Maria Deane - Fiocruz Amazonia, Laboratorio de Ecologia de Doencas Transmissiveis na Amazonia
PP153978	PP153978.1	LVM_ILMD_ZCD067	2022-10-31	South America	Brazil	Rondonia_Portovelho		4317	Homo sapiens	2024-02-04	2024-02-04		Almeida,T.,Silva,D.,Nascimento,F.,Mejia,M.,Nascimento,V.,Souza,V.,Oliveira,Y.,Casseb,L.,Chiang,J.,Cruz,A.C.,Rodrigues,J.T.,Morais,M.A.,Silva,C.,Vieira,D.,Meneses,C.,Maito,R.,Arcanjo,A.R.,Araujo,G.,Amorim,T.,Barros,D.,Delatorre,E.,Graf,T.,Wallau,G.,Bello,G.,Naveca,F.	Almeida et al.	Instituto Leonidas e Maria Deane - Fiocruz Amazonia, Laboratorio de Ecologia de Doencas Transmissiveis na Amazonia
PP153980	PP153980.1	LVM_ILMD_ZCD103	2023-01-25	South America	Brazil	Rondonia_Portovelho		4317	Homo sapiens	2024-02-04	2024-02-04		Almeida,T.,Silva,D.,Nascimento,F.,Mejia,M.,Nascimento,V.,Souza,V.,Oliveira,Y.,Casseb,L.,Chiang,J.,Cruz,A.C.,Rodrigues,J.T.,Morais,M.A.,Silva,C.,Vieira,D.,Meneses,C.,Maito,R.,Arcanjo,A.R.,Araujo,G.,Amorim,T.,Barros,D.,Delatorre,E.,Graf,T.,Wallau,G.,Bello,G.,Naveca,F.	Almeida et al.	Instituto Leonidas e Maria Deane - Fiocruz Amazonia, Laboratorio de Ecologia de Doencas Transmissiveis na Amazonia
PP153982	PP153982.1	LACENRR_ILMD_0628MJG	2022-08-30	South America	Brazil	Roraima_Altoalegre		4316	Homo sapiens	2024-02-04	2024-02-04		Almeida,T.,Silva,D.,Nascimento,F.,Mejia,M.,Nascimento,V.,Souza,V.,Oliveira,Y.,Casseb,L.,Chiang,J.,Cruz,A.C.,Rodrigues,J.T.,Morais,M.A.,Silva,C.,Vieira,D.,Meneses,C.,Maito,R.,Arcanjo,A.R.,Araujo,G.,Amorim,T.,Barros,D.,Delatorre,E.,Graf,T.,Wallau,G.,Bello,G.,Naveca,F.	Almeida et al.	Instituto Leonidas e Maria Deane - Fiocruz Amazonia, Laboratorio de Ecologia de Doencas Transmissiveis na Amazonia
PP153985	PP153985.1	LACENRR_ILMD_0156HM	2023-08-07	South America	Brazil	Roraima_Mucajai		4316	Homo sapiens	2024-02-04	2024-02-04		Almeida,T.,Silva,D.,Nascimento,F.,Mejia,M.,Nascimento,V.,Souza,V.,Oliveira,Y.,Casseb,L.,Chiang,J.,Cruz,A.C.,Rodrigues,J.T.,Morais,M.A.,Silva,C.,Vieira,D.,Meneses,C.,Maito,R.,Arcanjo,A.R.,Araujo,G.,Amorim,T.,Barros,D.,Delatorre,E.,Graf,T.,Wallau,G.,Bello,G.,Naveca,F.	Almeida et al.	Instituto Leonidas e Maria Deane - Fiocruz Amazonia, Laboratorio de Ecologia de Doencas Transmissiveis na Amazonia
PP153988	PP153988.1	LACENRR_ILMD_0153ARB	2023-08-08	South America	Brazil	Roraima_Mucajai		4316	Homo sapiens	2024-02-04	2024-02-04		Almeida,T.,Silva,D.,Nascimento,F.,Mejia,M.,Nascimento,V.,Souza,V.,Oliveira,Y.,Casseb,L.,Chiang,J.,Cruz,A.C.,Rodrigues,J.T.,Morais,M.A.,Silva,C.,Vieira,D.,Meneses,C.,Maito,R.,Arcanjo,A.R.,Araujo,G.,Amorim,T.,Barros,D.,Delatorre,E.,Graf,T.,Wallau,G.,Bello,G.,Naveca,F.	Almeida et al.	Instituto Leonidas e Maria Deane - Fiocruz Amazonia, Laboratorio de Ecologia de Doencas Transmissiveis na Amazonia
PP153991	PP153991.1	LACENRR_ILMD_0148ROS	2023-08-09	South America	Brazil	Roraima_Mucajai		4316	Homo sapiens	2024-02-04	2024-02-04		Almeida,T.,Silva,D.,Nascimento,F.,Mejia,M.,Nascimento,V.,Souza,V.,Oliveira,Y.,Casseb,L.,Chiang,J.,Cruz,A.C.,Rodrigues,J.T.,Morais,M.A.,Silva,C.,Vieira,D.,Meneses,C.,Maito,R.,Arcanjo,A.R.,Araujo,G.,Amorim,T.,Barros,D.,Delatorre,E.,Graf,T.,Wallau,G.,Bello,G.,Naveca,F.	Almeida et al.	Instituto Leonidas e Maria Deane - Fiocruz Amazonia, Laboratorio de Ecologia de Doencas Transmissiveis na Amazonia
PP153994	PP153994.1	LACENRR_ILMD_0058LAF	2023-02-13	South America	Brazil	Roraima_Rorainopolis		4316	Homo sapiens	2024-02-04	2024-02-04		Almeida,T.,Silva,D.,Nascimento,F.,Mejia,M.,Nascimento,V.,Souza,V.,Oliveira,Y.,Casseb,L.,Chiang,J.,Cruz,A.C.,Rodrigues,J.T.,Morais,M.A.,Silva,C.,Vieira,D.,Meneses,C.,Maito,R.,Arcanjo,A.R.,Araujo,G.,Amorim,T.,Barros,D.,Delatorre,E.,Graf,T.,Wallau,G.,Bello,G.,Naveca,F.	Almeida et al.	Instituto Leonidas e Maria Deane - Fiocruz Amazonia, Laboratorio de Ecologia de Doencas Transmissiveis na Amazonia
PP153996	PP153996.1	LACENRR_ILMD_0048LLS	2023-02-16	South America	Brazil	Roraima_Saojoaobaliza		4316	Homo sapiens	2024-02-04	2024-02-04		Almeida,T.,Silva,D.,Nascimento,F.,Mejia,M.,Nascimento,V.,Souza,V.,Oliveira,Y.,Casseb,L.,Chiang,J.,Cruz,A.C.,Rodrigues,J.T.,Morais,M.A.,Silva,C.,Vieira,D.,Meneses,C.,Maito,R.,Arcanjo,A.R.,Araujo,G.,Amorim,T.,Barros,D.,Delatorre,E.,Graf,T.,Wallau,G.,Bello,G.,Naveca,F.	Almeida et al.	Instituto Leonidas e Maria Deane - Fiocruz Amazonia, Laboratorio de Ecologia de Doencas Transmissiveis na Amazonia
PP154000	PP154000.1	LACENRR_ILMD_0048EPC	2023-02-10	South America	Brazil	Roraima_Rorainopolis		4316	Homo sapiens	2024-02-04	2024-02-04		Almeida,T.,Silva,D.,Nascimento,F.,Mejia,M.,Nascimento,V.,Souza,V.,Oliveira,Y.,Casseb,L.,Chiang,J.,Cruz,A.C.,Rodrigues,J.T.,Morais,M.A.,Silva,C.,Vieira,D.,Meneses,C.,Maito,R.,Arcanjo,A.R.,Araujo,G.,Amorim,T.,Barros,D.,Delatorre,E.,Graf,T.,Wallau,G.,Bello,G.,Naveca,F.	Almeida et al.	Instituto Leonidas e Maria Deane - Fiocruz Amazonia, Laboratorio de Ecologia de Doencas Transmissiveis na Amazonia
PP154003	PP154003.1	LACENRR_ILMD_0044DAS	2023-02-09	South America	Brazil	Roraima_Rorainopolis		4316	Homo sapiens	2024-02-04	2024-02-04		Almeida,T.,Silva,D.,Nascimento,F.,Mejia,M.,Nascimento,V.,Souza,V.,Oliveira,Y.,Casseb,L.,Chiang,J.,Cruz,A.C.,Rodrigues,J.T.,Morais,M.A.,Silva,C.,Vieira,D.,Meneses,C.,Maito,R.,Arcanjo,A.R.,Araujo,G.,Amorim,T.,Barros,D.,Delatorre,E.,Graf,T.,Wallau,G.,Bello,G.,Naveca,F.	Almeida et al.	Instituto Leonidas e Maria Deane - Fiocruz Amazonia, Laboratorio de Ecologia de Doencas Transmissiveis na Amazonia
PP154006	PP154006.1	LACENRR_ILMD_0033MSC	2023-02-02	South America	Brazil	Roraima_Rorainopolis		4316	Homo sapiens	2024-02-04	2024-02-04		Almeida,T.,Silva,D.,Nascimento,F.,Mejia,M.,Nascimento,V.,Souza,V.,Oliveira,Y.,Casseb,L.,Chiang,J.,Cruz,A.C.,Rodrigues,J.T.,Morais,M.A.,Silva,C.,Vieira,D.,Meneses,C.,Maito,R.,Arcanjo,A.R.,Araujo,G.,Amorim,T.,Barros,D.,Delatorre,E.,Graf,T.,Wallau,G.,Bello,G.,Naveca,F.	Almeida et al.	Instituto Leonidas e Maria Deane - Fiocruz Amazonia, Laboratorio de Ecologia de Doencas Transmissiveis na Amazonia
PP154009	PP154009.1	LACENRR_ILMD_0029MSM	2023-02-01	South America	Brazil	Roraima_Rorainopolis		4316	Homo sapiens	2024-02-04	2024-02-04		Almeida,T.,Silva,D.,Nascimento,F.,Mejia,M.,Nascimento,V.,Souza,V.,Oliveira,Y.,Casseb,L.,Chiang,J.,Cruz,A.C.,Rodrigues,J.T.,Morais,M.A.,Silva,C.,Vieira,D.,Meneses,C.,Maito,R.,Arcanjo,A.R.,Araujo,G.,Amorim,T.,Barros,D.,Delatorre,E.,Graf,T.,Wallau,G.,Bello,G.,Naveca,F.	Almeida et al.	Instituto Leonidas e Maria Deane - Fiocruz Amazonia, Laboratorio de Ecologia de Doencas Transmissiveis na Amazonia
PP154012	PP154012.1	LACENRR_ILMD_0026TSS	2023-01-31	South America	Brazil	Roraima_Saojoaobaliza		4316	Homo sapiens	2024-02-04	2024-02-04		Almeida,T.,Silva,D.,Nascimento,F.,Mejia,M.,Nascimento,V.,Souza,V.,Oliveira,Y.,Casseb,L.,Chiang,J.,Cruz,A.C.,Rodrigues,J.T.,Morais,M.A.,Silva,C.,Vieira,D.,Meneses,C.,Maito,R.,Arcanjo,A.R.,Araujo,G.,Amorim,T.,Barros,D.,Delatorre,E.,Graf,T.,Wallau,G.,Bello,G.,Naveca,F.	Almeida et al.	Instituto Leonidas e Maria Deane - Fiocruz Amazonia, Laboratorio de Ecologia de Doencas Transmissiveis na Amazonia
PP154015	PP154015.1	LACENRR_ILMD_0023SLR	2023-02-18	South America	Brazil	Roraima_Canta		4316	Homo sapiens	2024-02-04	2024-02-04		Almeida,T.,Silva,D.,Nascimento,F.,Mejia,M.,Nascimento,V.,Souza,V.,Oliveira,Y.,Casseb,L.,Chiang,J.,Cruz,A.C.,Rodrigues,J.T.,Morais,M.A.,Silva,C.,Vieira,D.,Meneses,C.,Maito,R.,Arcanjo,A.R.,Araujo,G.,Amorim,T.,Barros,D.,Delatorre,E.,Graf,T.,Wallau,G.,Bello,G.,Naveca,F.	Almeida et al.	Instituto Leonidas e Maria Deane - Fiocruz Amazonia, Laboratorio de Ecologia de Doencas Transmissiveis na Amazonia
PP154018	PP154018.1	LACENRO_ILMD_09	2023-03-02	South America	Brazil	Rondonia_Coloradodooeste		4317	Homo sapiens	2024-02-04	2024-02-04		Almeida,T.,Silva,D.,Nascimento,F.,Mejia,M.,Nascimento,V.,Souza,V.,Oliveira,Y.,Casseb,L.,Chiang,J.,Cruz,A.C.,Rodrigues,J.T.,Morais,M.A.,Silva,C.,Vieira,D.,Meneses,C.,Maito,R.,Arcanjo,A.R.,Araujo,G.,Amorim,T.,Barros,D.,Delatorre,E.,Graf,T.,Wallau,G.,Bello,G.,Naveca,F.	Almeida et al.	Instituto Leonidas e Maria Deane - Fiocruz Amazonia, Laboratorio de Ecologia de Doencas Transmissiveis na Amazonia
PP154021	PP154021.1	LACENRO_ILMD_08	2023-04-18	South America	Brazil	Rondonia_Costamarques		4317	Homo sapiens	2024-02-04	2024-02-04		Almeida,T.,Silva,D.,Nascimento,F.,Mejia,M.,Nascimento,V.,Souza,V.,Oliveira,Y.,Casseb,L.,Chiang,J.,Cruz,A.C.,Rodrigues,J.T.,Morais,M.A.,Silva,C.,Vieira,D.,Meneses,C.,Maito,R.,Arcanjo,A.R.,Araujo,G.,Amorim,T.,Barros,D.,Delatorre,E.,Graf,T.,Wallau,G.,Bello,G.,Naveca,F.	Almeida et al.	Instituto Leonidas e Maria Deane - Fiocruz Amazonia, Laboratorio de Ecologia de Doencas Transmissiveis na Amazonia
PP154024	PP154024.1	LACENRO_ILMD_06	2023-03-16	South America	Brazil	Rondonia_Montenegro		4317	Homo sapiens	2024-02-04	2024-02-04		Almeida,T.,Silva,D.,Nascimento,F.,Mejia,M.,Nascimento,V.,Souza,V.,Oliveira,Y.,Casseb,L.,Chiang,J.,Cruz,A.C.,Rodrigues,J.T.,Morais,M.A.,Silva,C.,Vieira,D.,Meneses,C.,Maito,R.,Arcanjo,A.R.,Araujo,G.,Amorim,T.,Barros,D.,Delatorre,E.,Graf,T.,Wallau,G.,Bello,G.,Naveca,F.	Almeida et al.	Instituto Leonidas e Maria Deane - Fiocruz Amazonia, Laboratorio de Ecologia de Doencas Transmissiveis na Amazonia
PP154027	PP154027.1	LACENRO_ILMD_05	2023-03-14	South America	Brazil	Rondonia_Montenegro		4317	Homo sapiens	2024-02-04	2024-02-04		Almeida,T.,Silva,D.,Nascimento,F.,Mejia,M.,Nascimento,V.,Souza,V.,Oliveira,Y.,Casseb,L.,Chiang,J.,Cruz,A.C.,Rodrigues,J.T.,Morais,M.A.,Silva,C.,Vieira,D.,Meneses,C.,Maito,R.,Arcanjo,A.R.,Araujo,G.,Amorim,T.,Barros,D.,Delatorre,E.,Graf,T.,Wallau,G.,Bello,G.,Naveca,F.	Almeida et al.	Instituto Leonidas e Maria Deane - Fiocruz Amazonia, Laboratorio de Ecologia de Doencas Transmissiveis na Amazonia
PP154030	PP154030.1	LACENRO_ILMD_04	2023-03-21	South America	Brazil	Rondonia_Corumbiara		4317	Homo sapiens	2024-02-04	2024-02-04		Almeida,T.,Silva,D.,Nascimento,F.,Mejia,M.,Nascimento,V.,Souza,V.,Oliveira,Y.,Casseb,L.,Chiang,J.,Cruz,A.C.,Rodrigues,J.T.,Morais,M.A.,Silva,C.,Vieira,D.,Meneses,C.,Maito,R.,Arcanjo,A.R.,Araujo,G.,Amorim,T.,Barros,D.,Delatorre,E.,Graf,T.,Wallau,G.,Bello,G.,Naveca,F.	Almeida et al.	Instituto Leonidas e Maria Deane - Fiocruz Amazonia, Laboratorio de Ecologia de Doencas Transmissiveis na Amazonia
PP154033	PP154033.1	LACENRO_ILMD_03	2023-03-30	South America	Brazil	Rondonia_Corumbiara		4317	Homo sapiens	2024-02-04	2024-02-04		Almeida,T.,Silva,D.,Nascimento,F.,Mejia,M.,Nascimento,V.,Souza,V.,Oliveira,Y.,Casseb,L.,Chiang,J.,Cruz,A.C.,Rodrigues,J.T.,Morais,M.A.,Silva,C.,Vieira,D.,Meneses,C.,Maito,R.,Arcanjo,A.R.,Araujo,G.,Amorim,T.,Barros,D.,Delatorre,E.,Graf,T.,Wallau,G.,Bello,G.,Naveca,F.	Almeida et al.	Instituto Leonidas e Maria Deane - Fiocruz Amazonia, Laboratorio de Ecologia de Doencas Transmissiveis na Amazonia
PP154036	PP154036.1	LACENRO_ILMD_02	2023-04-05	South America	Brazil	Rondonia_Saofranciscodoguapore		4317	Homo sapiens	2024-02-04	2024-02-04		Almeida,T.,Silva,D.,Nascimento,F.,Mejia,M.,Nascimento,V.,Souza,V.,Oliveira,Y.,Casseb,L.,Chiang,J.,Cruz,A.C.,Rodrigues,J.T.,Morais,M.A.,Silva,C.,Vieira,D.,Meneses,C.,Maito,R.,Arcanjo,A.R.,Araujo,G.,Amorim,T.,Barros,D.,Delatorre,E.,Graf,T.,Wallau,G.,Bello,G.,Naveca,F.	Almeida et al.	Instituto Leonidas e Maria Deane - Fiocruz Amazonia, Laboratorio de Ecologia de Doencas Transmissiveis na Amazonia
PP154039	PP154039.1	LACENRO_ILMD_01	2023-05-10	South America	Brazil	Rondonia_Cacaulandia		4317	Homo sapiens	2024-02-04	2024-02-04		Almeida,T.,Silva,D.,Nascimento,F.,Mejia,M.,Nascimento,V.,Souza,V.,Oliveira,Y.,Casseb,L.,Chiang,J.,Cruz,A.C.,Rodrigues,J.T.,Morais,M.A.,Silva,C.,Vieira,D.,Meneses,C.,Maito,R.,Arcanjo,A.R.,Araujo,G.,Amorim,T.,Barros,D.,Delatorre,E.,Graf,T.,Wallau,G.,Bello,G.,Naveca,F.	Almeida et al.	Instituto Leonidas e Maria Deane - Fiocruz Amazonia, Laboratorio de Ecologia de Doencas Transmissiveis na Amazonia
PP154042	PP154042.1	LACENAM_ILMD_3896ERA	2023-12-11	South America	Brazil	Amazonas_Manaus		4317	Homo sapiens	2024-02-04	2024-02-04		Almeida,T.,Silva,D.,Nascimento,F.,Mejia,M.,Nascimento,V.,Souza,V.,Oliveira,Y.,Casseb,L.,Chiang,J.,Cruz,A.C.,Rodrigues,J.T.,Morais,M.A.,Silva,C.,Vieira,D.,Meneses,C.,Maito,R.,Arcanjo,A.R.,Araujo,G.,Amorim,T.,Barros,D.,Delatorre,E.,Graf,T.,Wallau,G.,Bello,G.,Naveca,F.	Almeida et al.	Instituto Leonidas e Maria Deane - Fiocruz Amazonia, Laboratorio de Ecologia de Doencas Transmissiveis na Amazonia
PP154045	PP154045.1	LACENAM_ILMD_3022FSM	2023-12-12	South America	Brazil	Amazonas_Manaus		4317	Homo sapiens	2024-02-04	2024-02-04		Almeida,T.,Silva,D.,Nascimento,F.,Mejia,M.,Nascimento,V.,Souza,V.,Oliveira,Y.,Casseb,L.,Chiang,J.,Cruz,A.C.,Rodrigues,J.T.,Morais,M.A.,Silva,C.,Vieira,D.,Meneses,C.,Maito,R.,Arcanjo,A.R.,Araujo,G.,Amorim,T.,Barros,D.,Delatorre,E.,Graf,T.,Wallau,G.,Bello,G.,Naveca,F.	Almeida et al.	Instituto Leonidas e Maria Deane - Fiocruz Amazonia, Laboratorio de Ecologia de Doencas Transmissiveis na Amazonia
PP154048	PP154048.1	LACENAM_ILMD_3020CAF	2023-12-12	South America	Brazil	Amazonas_Manaus		4317	Homo sapiens	2024-02-04	2024-02-04		Almeida,T.,Silva,D.,Nascimento,F.,Mejia,M.,Nascimento,V.,Souza,V.,Oliveira,Y.,Casseb,L.,Chiang,J.,Cruz,A.C.,Rodrigues,J.T.,Morais,M.A.,Silva,C.,Vieira,D.,Meneses,C.,Maito,R.,Arcanjo,A.R.,Araujo,G.,Amorim,T.,Barros,D.,Delatorre,E.,Graf,T.,Wallau,G.,Bello,G.,Naveca,F.	Almeida et al.	Instituto Leonidas e Maria Deane - Fiocruz Amazonia, Laboratorio de Ecologia de Doencas Transmissiveis na Amazonia
PP154051	PP154051.1	LACENAM_ILMD_3012MC	2023-12-11	South America	Brazil	Amazonas_Manaus		4317	Homo sapiens	2024-02-04	2024-02-04		Almeida,T.,Silva,D.,Nascimento,F.,Mejia,M.,Nascimento,V.,Souza,V.,Oliveira,Y.,Casseb,L.,Chiang,J.,Cruz,A.C.,Rodrigues,J.T.,Morais,M.A.,Silva,C.,Vieira,D.,Meneses,C.,Maito,R.,Arcanjo,A.R.,Araujo,G.,Amorim,T.,Barros,D.,Delatorre,E.,Graf,T.,Wallau,G.,Bello,G.,Naveca,F.	Almeida et al.	Instituto Leonidas e Maria Deane - Fiocruz Amazonia, Laboratorio de Ecologia de Doencas Transmissiveis na Amazonia
PP154054	PP154054.1	LACENAM_ILMD_3010MCF	2023-12-11	South America	Brazil	Amazonas_Manaus		4317	Homo sapiens	2024-02-04	2024-02-04		Almeida,T.,Silva,D.,Nascimento,F.,Mejia,M.,Nascimento,V.,Souza,V.,Oliveira,Y.,Casseb,L.,Chiang,J.,Cruz,A.C.,Rodrigues,J.T.,Morais,M.A.,Silva,C.,Vieira,D.,Meneses,C.,Maito,R.,Arcanjo,A.R.,Araujo,G.,Amorim,T.,Barros,D.,Delatorre,E.,Graf,T.,Wallau,G.,Bello,G.,Naveca,F.	Almeida et al.	Instituto Leonidas e Maria Deane - Fiocruz Amazonia, Laboratorio de Ecologia de Doencas Transmissiveis na Amazonia
PP154057	PP154057.1	LACENAM_ILMD_3006MFP	2023-12-11	South America	Brazil	Amazonas_Manaus		4317	Homo sapiens	2024-02-04	2024-02-04		Almeida,T.,Silva,D.,Nascimento,F.,Mejia,M.,Nascimento,V.,Souza,V.,Oliveira,Y.,Casseb,L.,Chiang,J.,Cruz,A.C.,Rodrigues,J.T.,Morais,M.A.,Silva,C.,Vieira,D.,Meneses,C.,Maito,R.,Arcanjo,A.R.,Araujo,G.,Amorim,T.,Barros,D.,Delatorre,E.,Graf,T.,Wallau,G.,Bello,G.,Naveca,F.	Almeida et al.	Instituto Leonidas e Maria Deane - Fiocruz Amazonia, Laboratorio de Ecologia de Doencas Transmissiveis na Amazonia
PP154060	PP154060.1	LACENAM_ILMD_3003JSS	2023-12-11	South America	Brazil	Amazonas_Manaus		4317	Homo sapiens	2024-02-04	2024-02-04		Almeida,T.,Silva,D.,Nascimento,F.,Mejia,M.,Nascimento,V.,Souza,V.,Oliveira,Y.,Casseb,L.,Chiang,J.,Cruz,A.C.,Rodrigues,J.T.,Morais,M.A.,Silva,C.,Vieira,D.,Meneses,C.,Maito,R.,Arcanjo,A.R.,Araujo,G.,Amorim,T.,Barros,D.,Delatorre,E.,Graf,T.,Wallau,G.,Bello,G.,Naveca,F.	Almeida et al.	Instituto Leonidas e Maria Deane - Fiocruz Amazonia, Laboratorio de Ecologia de Doencas Transmissiveis na Amazonia
PP154063	PP154063.1	LACENAM_ILMD_3002JES	2023-12-11	South America	Brazil	Amazonas_Manaus		4317	Homo sapiens	2024-02-04	2024-02-04		Almeida,T.,Silva,D.,Nascimento,F.,Mejia,M.,Nascimento,V.,Souza,V.,Oliveira,Y.,Casseb,L.,Chiang,J.,Cruz,A.C.,Rodrigues,J.T.,Morais,M.A.,Silva,C.,Vieira,D.,Meneses,C.,Maito,R.,Arcanjo,A.R.,Araujo,G.,Amorim,T.,Barros,D.,Delatorre,E.,Graf,T.,Wallau,G.,Bello,G.,Naveca,F.	Almeida et al.	Instituto Leonidas e Maria Deane - Fiocruz Amazonia, Laboratorio de Ecologia de Doencas Transmissiveis na Amazonia
PP154066	PP154066.1	LACENAM_ILMD_2999ICL	2023-12-10	South America	Brazil	Amazonas_Manaus		4317	Homo sapiens	2024-02-04	2024-02-04		Almeida,T.,Silva,D.,Nascimento,F.,Mejia,M.,Nascimento,V.,Souza,V.,Oliveira,Y.,Casseb,L.,Chiang,J.,Cruz,A.C.,Rodrigues,J.T.,Morais,M.A.,Silva,C.,Vieira,D.,Meneses,C.,Maito,R.,Arcanjo,A.R.,Araujo,G.,Amorim,T.,Barros,D.,Delatorre,E.,Graf,T.,Wallau,G.,Bello,G.,Naveca,F.	Almeida et al.	Instituto Leonidas e Maria Deane - Fiocruz Amazonia, Laboratorio de Ecologia de Doencas Transmissiveis na Amazonia
PP154069	PP154069.1	LACENAM_ILMD_2997LA	2023-12-09	South America	Brazil	Amazonas_Manaus		4317	Homo sapiens	2024-02-04	2024-02-04		Almeida,T.,Silva,D.,Nascimento,F.,Mejia,M.,Nascimento,V.,Souza,V.,Oliveira,Y.,Casseb,L.,Chiang,J.,Cruz,A.C.,Rodrigues,J.T.,Morais,M.A.,Silva,C.,Vieira,D.,Meneses,C.,Maito,R.,Arcanjo,A.R.,Araujo,G.,Amorim,T.,Barros,D.,Delatorre,E.,Graf,T.,Wallau,G.,Bello,G.,Naveca,F.	Almeida et al.	Instituto Leonidas e Maria Deane - Fiocruz Amazonia, Laboratorio de Ecologia de Doencas Transmissiveis na Amazonia
PP154072	PP154072.1	LACENAM_ILMD_2978ACS	2023-12-08	South America	Brazil	Amazonas_Manaus		4317	Homo sapiens	2024-02-04	2024-02-04		Almeida,T.,Silva,D.,Nascimento,F.,Mejia,M.,Nascimento,V.,Souza,V.,Oliveira,Y.,Casseb,L.,Chiang,J.,Cruz,A.C.,Rodrigues,J.T.,Morais,M.A.,Silva,C.,Vieira,D.,Meneses,C.,Maito,R.,Arcanjo,A.R.,Araujo,G.,Amorim,T.,Barros,D.,Delatorre,E.,Graf,T.,Wallau,G.,Bello,G.,Naveca,F.	Almeida et al.	Instituto Leonidas e Maria Deane - Fiocruz Amazonia, Laboratorio de Ecologia de Doencas Transmissiveis na Amazonia
PP154075	PP154075.1	LACENAM_ILMD_2969MMS	2023-12-08	South America	Brazil	Amazonas_Manaus		4317	Homo sapiens	2024-02-04	2024-02-04		Almeida,T.,Silva,D.,Nascimento,F.,Mejia,M.,Nascimento,V.,Souza,V.,Oliveira,Y.,Casseb,L.,Chiang,J.,Cruz,A.C.,Rodrigues,J.T.,Morais,M.A.,Silva,C.,Vieira,D.,Meneses,C.,Maito,R.,Arcanjo,A.R.,Araujo,G.,Amorim,T.,Barros,D.,Delatorre,E.,Graf,T.,Wallau,G.,Bello,G.,Naveca,F.	Almeida et al.	Instituto Leonidas e Maria Deane - Fiocruz Amazonia, Laboratorio de Ecologia de Doencas Transmissiveis na Amazonia
PP154078	PP154078.1	LACENAM_ILMD_2961GPP	2023-12-08	South America	Brazil	Amazonas_Manaus		4317	Homo sapiens	2024-02-04	2024-02-04		Almeida,T.,Silva,D.,Nascimento,F.,Mejia,M.,Nascimento,V.,Souza,V.,Oliveira,Y.,Casseb,L.,Chiang,J.,Cruz,A.C.,Rodrigues,J.T.,Morais,M.A.,Silva,C.,Vieira,D.,Meneses,C.,Maito,R.,Arcanjo,A.R.,Araujo,G.,Amorim,T.,Barros,D.,Delatorre,E.,Graf,T.,Wallau,G.,Bello,G.,Naveca,F.	Almeida et al.	Instituto Leonidas e Maria Deane - Fiocruz Amazonia, Laboratorio de Ecologia de Doencas Transmissiveis na Amazonia
PP154081	PP154081.1	LACENAM_ILMD_2950JFS	2023-12-09	South America	Brazil	Amazonas_Manaus		4317	Homo sapiens	2024-02-04	2024-02-04		Almeida,T.,Silva,D.,Nascimento,F.,Mejia,M.,Nascimento,V.,Souza,V.,Oliveira,Y.,Casseb,L.,Chiang,J.,Cruz,A.C.,Rodrigues,J.T.,Morais,M.A.,Silva,C.,Vieira,D.,Meneses,C.,Maito,R.,Arcanjo,A.R.,Araujo,G.,Amorim,T.,Barros,D.,Delatorre,E.,Graf,T.,Wallau,G.,Bello,G.,Naveca,F.	Almeida et al.	Instituto Leonidas e Maria Deane - Fiocruz Amazonia, Laboratorio de Ecologia de Doencas Transmissiveis na Amazonia
PP154084	PP154084.1	LACENAM_ILMD_2948RPS	2023-12-09	South America	Brazil	Amazonas_Manaus		4317	Homo sapiens	2024-02-04	2024-02-04		Almeida,T.,Silva,D.,Nascimento,F.,Mejia,M.,Nascimento,V.,Souza,V.,Oliveira,Y.,Casseb,L.,Chiang,J.,Cruz,A.C.,Rodrigues,J.T.,Morais,M.A.,Silva,C.,Vieira,D.,Meneses,C.,Maito,R.,Arcanjo,A.R.,Araujo,G.,Amorim,T.,Barros,D.,Delatorre,E.,Graf,T.,Wallau,G.,Bello,G.,Naveca,F.	Almeida et al.	Instituto Leonidas e Maria Deane - Fiocruz Amazonia, Laboratorio de Ecologia de Doencas Transmissiveis na Amazonia
PP154087	PP154087.1	LACENAM_ILMD_2947MCM	2023-12-08	South America	Brazil	Amazonas_Manaus		4317	Homo sapiens	2024-02-04	2024-02-04		Almeida,T.,Silva,D.,Nascimento,F.,Mejia,M.,Nascimento,V.,Souza,V.,Oliveira,Y.,Casseb,L.,Chiang,J.,Cruz,A.C.,Rodrigues,J.T.,Morais,M.A.,Silva,C.,Vieira,D.,Meneses,C.,Maito,R.,Arcanjo,A.R.,Araujo,G.,Amorim,T.,Barros,D.,Delatorre,E.,Graf,T.,Wallau,G.,Bello,G.,Naveca,F.	Almeida et al.	Instituto Leonidas e Maria Deane - Fiocruz Amazonia, Laboratorio de Ecologia de Doencas Transmissiveis na Amazonia
PP154090	PP154090.1	LACENAM_ILMD_2936GHS	2023-12-10	South America	Brazil	Amazonas_Manaus		4317	Homo sapiens	2024-02-04	2024-02-04		Almeida,T.,Silva,D.,Nascimento,F.,Mejia,M.,Nascimento,V.,Souza,V.,Oliveira,Y.,Casseb,L.,Chiang,J.,Cruz,A.C.,Rodrigues,J.T.,Morais,M.A.,Silva,C.,Vieira,D.,Meneses,C.,Maito,R.,Arcanjo,A.R.,Araujo,G.,Amorim,T.,Barros,D.,Delatorre,E.,Graf,T.,Wallau,G.,Bello,G.,Naveca,F.	Almeida et al.	Instituto Leonidas e Maria Deane - Fiocruz Amazonia, Laboratorio de Ecologia de Doencas Transmissiveis na Amazonia
PP154093	PP154093.1	LACENAM_ILMD_2929LCF	2023-12-10	South America	Brazil	Amazonas_Manaus		4317	Homo sapiens	2024-02-04	2024-02-04		Almeida,T.,Silva,D.,Nascimento,F.,Mejia,M.,Nascimento,V.,Souza,V.,Oliveira,Y.,Casseb,L.,Chiang,J.,Cruz,A.C.,Rodrigues,J.T.,Morais,M.A.,Silva,C.,Vieira,D.,Meneses,C.,Maito,R.,Arcanjo,A.R.,Araujo,G.,Amorim,T.,Barros,D.,Delatorre,E.,Graf,T.,Wallau,G.,Bello,G.,Naveca,F.	Almeida et al.	Instituto Leonidas e Maria Deane - Fiocruz Amazonia, Laboratorio de Ecologia de Doencas Transmissiveis na Amazonia
PP154096	PP154096.1	LACENAM_ILMD_2928KMG	2023-12-10	South America	Brazil	Amazonas_Manaus		4317	Homo sapiens	2024-02-04	2024-02-04		Almeida,T.,Silva,D.,Nascimento,F.,Mejia,M.,Nascimento,V.,Souza,V.,Oliveira,Y.,Casseb,L.,Chiang,J.,Cruz,A.C.,Rodrigues,J.T.,Morais,M.A.,Silva,C.,Vieira,D.,Meneses,C.,Maito,R.,Arcanjo,A.R.,Araujo,G.,Amorim,T.,Barros,D.,Delatorre,E.,Graf,T.,Wallau,G.,Bello,G.,Naveca,F.	Almeida et al.	Instituto Leonidas e Maria Deane - Fiocruz Amazonia, Laboratorio de Ecologia de Doencas Transmissiveis na Amazonia
PP154099	PP154099.1	LACENAM_ILMD_2924GAA	2023-12-10	South America	Brazil	Amazonas_Manaus		4317	Homo sapiens	2024-02-04	2024-02-04		Almeida,T.,Silva,D.,Nascimento,F.,Mejia,M.,Nascimento,V.,Souza,V.,Oliveira,Y.,Casseb,L.,Chiang,J.,Cruz,A.C.,Rodrigues,J.T.,Morais,M.A.,Silva,C.,Vieira,D.,Meneses,C.,Maito,R.,Arcanjo,A.R.,Araujo,G.,Amorim,T.,Barros,D.,Delatorre,E.,Graf,T.,Wallau,G.,Bello,G.,Naveca,F.	Almeida et al.	Instituto Leonidas e Maria Deane - Fiocruz Amazonia, Laboratorio de Ecologia de Doencas Transmissiveis na Amazonia
PP154102	PP154102.1	LACENAM_ILMD_2922CVM	2023-12-06	South America	Brazil	Amazonas_Manaus		4317	Homo sapiens	2024-02-04	2024-02-04		Almeida,T.,Silva,D.,Nascimento,F.,Mejia,M.,Nascimento,V.,Souza,V.,Oliveira,Y.,Casseb,L.,Chiang,J.,Cruz,A.C.,Rodrigues,J.T.,Morais,M.A.,Silva,C.,Vieira,D.,Meneses,C.,Maito,R.,Arcanjo,A.R.,Araujo,G.,Amorim,T.,Barros,D.,Delatorre,E.,Graf,T.,Wallau,G.,Bello,G.,Naveca,F.	Almeida et al.	Instituto Leonidas e Maria Deane - Fiocruz Amazonia, Laboratorio de Ecologia de Doencas Transmissiveis na Amazonia
PP154105	PP154105.1	LACENAM_ILMD_2893AMM	2023-12-04	South America	Brazil	Amazonas_Manaus		4317	Homo sapiens	2024-02-04	2024-02-04		Almeida,T.,Silva,D.,Nascimento,F.,Mejia,M.,Nascimento,V.,Souza,V.,Oliveira,Y.,Casseb,L.,Chiang,J.,Cruz,A.C.,Rodrigues,J.T.,Morais,M.A.,Silva,C.,Vieira,D.,Meneses,C.,Maito,R.,Arcanjo,A.R.,Araujo,G.,Amorim,T.,Barros,D.,Delatorre,E.,Graf,T.,Wallau,G.,Bello,G.,Naveca,F.	Almeida et al.	Instituto Leonidas e Maria Deane - Fiocruz Amazonia, Laboratorio de Ecologia de Doencas Transmissiveis na Amazonia
PP154108	PP154108.1	LACENAM_ILMD_2892TBT	2023-12-04	South America	Brazil	Amazonas_Manaus		4317	Homo sapiens	2024-02-04	2024-02-04		Almeida,T.,Silva,D.,Nascimento,F.,Mejia,M.,Nascimento,V.,Souza,V.,Oliveira,Y.,Casseb,L.,Chiang,J.,Cruz,A.C.,Rodrigues,J.T.,Morais,M.A.,Silva,C.,Vieira,D.,Meneses,C.,Maito,R.,Arcanjo,A.R.,Araujo,G.,Amorim,T.,Barros,D.,Delatorre,E.,Graf,T.,Wallau,G.,Bello,G.,Naveca,F.	Almeida et al.	Instituto Leonidas e Maria Deane - Fiocruz Amazonia, Laboratorio de Ecologia de Doencas Transmissiveis na Amazonia
PP154111	PP154111.1	LACENAM_ILMD_2885RSM	2023-12-03	South America	Brazil	Amazonas_Manaus		4317	Homo sapiens	2024-02-04	2024-02-04		Almeida,T.,Silva,D.,Nascimento,F.,Mejia,M.,Nascimento,V.,Souza,V.,Oliveira,Y.,Casseb,L.,Chiang,J.,Cruz,A.C.,Rodrigues,J.T.,Morais,M.A.,Silva,C.,Vieira,D.,Meneses,C.,Maito,R.,Arcanjo,A.R.,Araujo,G.,Amorim,T.,Barros,D.,Delatorre,E.,Graf,T.,Wallau,G.,Bello,G.,Naveca,F.	Almeida et al.	Instituto Leonidas e Maria Deane - Fiocruz Amazonia, Laboratorio de Ecologia de Doencas Transmissiveis na Amazonia
PP154114	PP154114.1	LACENAM_ILMD_2883KSA	2023-12-02	South America	Brazil	Amazonas_Manaus		4317	Homo sapiens	2024-02-04	2024-02-04		Almeida,T.,Silva,D.,Nascimento,F.,Mejia,M.,Nascimento,V.,Souza,V.,Oliveira,Y.,Casseb,L.,Chiang,J.,Cruz,A.C.,Rodrigues,J.T.,Morais,M.A.,Silva,C.,Vieira,D.,Meneses,C.,Maito,R.,Arcanjo,A.R.,Araujo,G.,Amorim,T.,Barros,D.,Delatorre,E.,Graf,T.,Wallau,G.,Bello,G.,Naveca,F.	Almeida et al.	Instituto Leonidas e Maria Deane - Fiocruz Amazonia, Laboratorio de Ecologia de Doencas Transmissiveis na Amazonia
PP154117	PP154117.1	LACENAM_ILMD_2876RCS	2023-12-02	South America	Brazil	Amazonas_Manaus		4317	Homo sapiens	2024-02-04	2024-02-04		Almeida,T.,Silva,D.,Nascimento,F.,Mejia,M.,Nascimento,V.,Souza,V.,Oliveira,Y.,Casseb,L.,Chiang,J.,Cruz,A.C.,Rodrigues,J.T.,Morais,M.A.,Silva,C.,Vieira,D.,Meneses,C.,Maito,R.,Arcanjo,A.R.,Araujo,G.,Amorim,T.,Barros,D.,Delatorre,E.,Graf,T.,Wallau,G.,Bello,G.,Naveca,F.	Almeida et al.	Instituto Leonidas e Maria Deane - Fiocruz Amazonia, Laboratorio de Ecologia de Doencas Transmissiveis na Amazonia
PP154120	PP154120.1	LACENAM_ILMD_2848DCS	2023-11-30	South America	Brazil	Amazonas_Manaus		4317	Homo sapiens	2024-02-04	2024-02-04		Almeida,T.,Silva,D.,Nascimento,F.,Mejia,M.,Nascimento,V.,Souza,V.,Oliveira,Y.,Casseb,L.,Chiang,J.,Cruz,A.C.,Rodrigues,J.T.,Morais,M.A.,Silva,C.,Vieira,D.,Meneses,C.,Maito,R.,Arcanjo,A.R.,Araujo,G.,Amorim,T.,Barros,D.,Delatorre,E.,Graf,T.,Wallau,G.,Bello,G.,Naveca,F.	Almeida et al.	Instituto Leonidas e Maria Deane - Fiocruz Amazonia, Laboratorio de Ecologia de Doencas Transmissiveis na Amazonia
PP154123	PP154123.1	LACENAM_ILMD_2847DPS	2023-11-30	South America	Brazil	Amazonas_Manaus		4317	Homo sapiens	2024-02-04	2024-02-04		Almeida,T.,Silva,D.,Nascimento,F.,Mejia,M.,Nascimento,V.,Souza,V.,Oliveira,Y.,Casseb,L.,Chiang,J.,Cruz,A.C.,Rodrigues,J.T.,Morais,M.A.,Silva,C.,Vieira,D.,Meneses,C.,Maito,R.,Arcanjo,A.R.,Araujo,G.,Amorim,T.,Barros,D.,Delatorre,E.,Graf,T.,Wallau,G.,Bello,G.,Naveca,F.	Almeida et al.	Instituto Leonidas e Maria Deane - Fiocruz Amazonia, Laboratorio de Ecologia de Doencas Transmissiveis na Amazonia
PP154126	PP154126.1	LACENAM_ILMD_2846GSM	2023-11-30	South America	Brazil	Amazonas_Manaus		4317	Homo sapiens	2024-02-04	2024-02-04		Almeida,T.,Silva,D.,Nascimento,F.,Mejia,M.,Nascimento,V.,Souza,V.,Oliveira,Y.,Casseb,L.,Chiang,J.,Cruz,A.C.,Rodrigues,J.T.,Morais,M.A.,Silva,C.,Vieira,D.,Meneses,C.,Maito,R.,Arcanjo,A.R.,Araujo,G.,Amorim,T.,Barros,D.,Delatorre,E.,Graf,T.,Wallau,G.,Bello,G.,Naveca,F.	Almeida et al.	Instituto Leonidas e Maria Deane - Fiocruz Amazonia, Laboratorio de Ecologia de Doencas Transmissiveis na Amazonia
PP154129	PP154129.1	LACENAM_ILMD_2068TNM	2022-12-24	South America	Brazil	Amazonas_Manaus		4317	Homo sapiens	2024-02-04	2024-02-04		Almeida,T.,Silva,D.,Nascimento,F.,Mejia,M.,Nascimento,V.,Souza,V.,Oliveira,Y.,Casseb,L.,Chiang,J.,Cruz,A.C.,Rodrigues,J.T.,Morais,M.A.,Silva,C.,Vieira,D.,Meneses,C.,Maito,R.,Arcanjo,A.R.,Araujo,G.,Amorim,T.,Barros,D.,Delatorre,E.,Graf,T.,Wallau,G.,Bello,G.,Naveca,F.	Almeida et al.	Instituto Leonidas e Maria Deane - Fiocruz Amazonia, Laboratorio de Ecologia de Doencas Transmissiveis na Amazonia
PP154132	PP154132.1	LACENAM_ILMD_0165GAS	2023-02-16	South America	Brazil	Amazonas_Labrea		4317	Homo sapiens	2024-02-04	2024-02-04		Almeida,T.,Silva,D.,Nascimento,F.,Mejia,M.,Nascimento,V.,Souza,V.,Oliveira,Y.,Casseb,L.,Chiang,J.,Cruz,A.C.,Rodrigues,J.T.,Morais,M.A.,Silva,C.,Vieira,D.,Meneses,C.,Maito,R.,Arcanjo,A.R.,Araujo,G.,Amorim,T.,Barros,D.,Delatorre,E.,Graf,T.,Wallau,G.,Bello,G.,Naveca,F.	Almeida et al.	Instituto Leonidas e Maria Deane - Fiocruz Amazonia, Laboratorio de Ecologia de Doencas Transmissiveis na Amazonia
PP154135	PP154135.1	LACENAM_ILMD_0160ISS	2023-02-16	South America	Brazil	Amazonas_Labrea		4317	Homo sapiens	2024-02-04	2024-02-04		Almeida,T.,Silva,D.,Nascimento,F.,Mejia,M.,Nascimento,V.,Souza,V.,Oliveira,Y.,Casseb,L.,Chiang,J.,Cruz,A.C.,Rodrigues,J.T.,Morais,M.A.,Silva,C.,Vieira,D.,Meneses,C.,Maito,R.,Arcanjo,A.R.,Araujo,G.,Amorim,T.,Barros,D.,Delatorre,E.,Graf,T.,Wallau,G.,Bello,G.,Naveca,F.	Almeida et al.	Instituto Leonidas e Maria Deane - Fiocruz Amazonia, Laboratorio de Ecologia de Doencas Transmissiveis na Amazonia
PP154138	PP154138.1	LACENAM_ILMD_0153JPS	2023-02-15	South America	Brazil	Amazonas_Labrea		4281	Homo sapiens	2024-02-04	2024-02-04		Almeida,T.,Silva,D.,Nascimento,F.,Mejia,M.,Nascimento,V.,Souza,V.,Oliveira,Y.,Casseb,L.,Chiang,J.,Cruz,A.C.,Rodrigues,J.T.,Morais,M.A.,Silva,C.,Vieira,D.,Meneses,C.,Maito,R.,Arcanjo,A.R.,Araujo,G.,Amorim,T.,Barros,D.,Delatorre,E.,Graf,T.,Wallau,G.,Bello,G.,Naveca,F.	Almeida et al.	Instituto Leonidas e Maria Deane - Fiocruz Amazonia, Laboratorio de Ecologia de Doencas Transmissiveis na Amazonia
PP154141	PP154141.1	LACENAM_ILMD_0051JSL	2023-02-15	South America	Brazil	Amazonas_Manicore		4317	Homo sapiens	2024-02-04	2024-02-04		Almeida,T.,Silva,D.,Nascimento,F.,Mejia,M.,Nascimento,V.,Souza,V.,Oliveira,Y.,Casseb,L.,Chiang,J.,Cruz,A.C.,Rodrigues,J.T.,Morais,M.A.,Silva,C.,Vieira,D.,Meneses,C.,Maito,R.,Arcanjo,A.R.,Araujo,G.,Amorim,T.,Barros,D.,Delatorre,E.,Graf,T.,Wallau,G.,Bello,G.,Naveca,F.	Almeida et al.	Instituto Leonidas e Maria Deane - Fiocruz Amazonia, Laboratorio de Ecologia de Doencas Transmissiveis na Amazonia
PP154144	PP154144.1	LACENAM_ILMD_0044NGF	2023-02-13	South America	Brazil	Amazonas_Manicore		4317	Homo sapiens	2024-02-04	2024-02-04		Almeida,T.,Silva,D.,Nascimento,F.,Mejia,M.,Nascimento,V.,Souza,V.,Oliveira,Y.,Casseb,L.,Chiang,J.,Cruz,A.C.,Rodrigues,J.T.,Morais,M.A.,Silva,C.,Vieira,D.,Meneses,C.,Maito,R.,Arcanjo,A.R.,Araujo,G.,Amorim,T.,Barros,D.,Delatorre,E.,Graf,T.,Wallau,G.,Bello,G.,Naveca,F.	Almeida et al.	Instituto Leonidas e Maria Deane - Fiocruz Amazonia, Laboratorio de Ecologia de Doencas Transmissiveis na Amazonia
PP154147	PP154147.1	LACENAM_ILMD_0021CSO	2023-01-17	South America	Brazil	Amazonas_Labrea		4317	Homo sapiens	2024-02-04	2024-02-04		Almeida,T.,Silva,D.,Nascimento,F.,Mejia,M.,Nascimento,V.,Souza,V.,Oliveira,Y.,Casseb,L.,Chiang,J.,Cruz,A.C.,Rodrigues,J.T.,Morais,M.A.,Silva,C.,Vieira,D.,Meneses,C.,Maito,R.,Arcanjo,A.R.,Araujo,G.,Amorim,T.,Barros,D.,Delatorre,E.,Graf,T.,Wallau,G.,Bello,G.,Naveca,F.	Almeida et al.	Instituto Leonidas e Maria Deane - Fiocruz Amazonia, Laboratorio de Ecologia de Doencas Transmissiveis na Amazonia
PP154150	PP154150.1	LACENAM_ILMD_0002AFS	2023-01-04	South America	Brazil	Amazonas_Manicore		4317	Homo sapiens	2024-02-04	2024-02-04		Almeida,T.,Silva,D.,Nascimento,F.,Mejia,M.,Nascimento,V.,Souza,V.,Oliveira,Y.,Casseb,L.,Chiang,J.,Cruz,A.C.,Rodrigues,J.T.,Morais,M.A.,Silva,C.,Vieira,D.,Meneses,C.,Maito,R.,Arcanjo,A.R.,Araujo,G.,Amorim,T.,Barros,D.,Delatorre,E.,Graf,T.,Wallau,G.,Bello,G.,Naveca,F.	Almeida et al.	Instituto Leonidas e Maria Deane - Fiocruz Amazonia, Laboratorio de Ecologia de Doencas Transmissiveis na Amazonia
PP154153	PP154153.1	LACENAC_ILMD_0545	2023-03-13	South America	Brazil	Acre_Riobranco		4317	Homo sapiens	2024-02-04	2024-02-04		Almeida,T.,Silva,D.,Nascimento,F.,Mejia,M.,Nascimento,V.,Souza,V.,Oliveira,Y.,Casseb,L.,Chiang,J.,Cruz,A.C.,Rodrigues,J.T.,Morais,M.A.,Silva,C.,Vieira,D.,Meneses,C.,Maito,R.,Arcanjo,A.R.,Araujo,G.,Amorim,T.,Barros,D.,Delatorre,E.,Graf,T.,Wallau,G.,Bello,G.,Naveca,F.	Almeida et al.	Instituto Leonidas e Maria Deane - Fiocruz Amazonia, Laboratorio de Ecologia de Doencas Transmissiveis na Amazonia
PP154156	PP154156.1	LACENAC_ILMD_0504	2023-03-06	South America	Brazil	Acre_Riobranco		4317	Homo sapiens	2024-02-04	2024-02-04		Almeida,T.,Silva,D.,Nascimento,F.,Mejia,M.,Nascimento,V.,Souza,V.,Oliveira,Y.,Casseb,L.,Chiang,J.,Cruz,A.C.,Rodrigues,J.T.,Morais,M.A.,Silva,C.,Vieira,D.,Meneses,C.,Maito,R.,Arcanjo,A.R.,Araujo,G.,Amorim,T.,Barros,D.,Delatorre,E.,Graf,T.,Wallau,G.,Bello,G.,Naveca,F.	Almeida et al.	Instituto Leonidas e Maria Deane - Fiocruz Amazonia, Laboratorio de Ecologia de Doencas Transmissiveis na Amazonia
PP154159	PP154159.1	LACENAC_ILMD_0244	2023-03-30	South America	Brazil	Acre_Portoacre		4317	Homo sapiens	2024-02-04	2024-02-04		Almeida,T.,Silva,D.,Nascimento,F.,Mejia,M.,Nascimento,V.,Souza,V.,Oliveira,Y.,Casseb,L.,Chiang,J.,Cruz,A.C.,Rodrigues,J.T.,Morais,M.A.,Silva,C.,Vieira,D.,Meneses,C.,Maito,R.,Arcanjo,A.R.,Araujo,G.,Amorim,T.,Barros,D.,Delatorre,E.,Graf,T.,Wallau,G.,Bello,G.,Naveca,F.	Almeida et al.	Instituto Leonidas e Maria Deane - Fiocruz Amazonia, Laboratorio de Ecologia de Doencas Transmissiveis na Amazonia
PP154162	PP154162.1	LACENAC_ILMD_0151	2023-03-31	South America	Brazil	Acre_Acrelandia		4317	Homo sapiens	2024-02-04	2024-02-04		Almeida,T.,Silva,D.,Nascimento,F.,Mejia,M.,Nascimento,V.,Souza,V.,Oliveira,Y.,Casseb,L.,Chiang,J.,Cruz,A.C.,Rodrigues,J.T.,Morais,M.A.,Silva,C.,Vieira,D.,Meneses,C.,Maito,R.,Arcanjo,A.R.,Araujo,G.,Amorim,T.,Barros,D.,Delatorre,E.,Graf,T.,Wallau,G.,Bello,G.,Naveca,F.	Almeida et al.	Instituto Leonidas e Maria Deane - Fiocruz Amazonia, Laboratorio de Ecologia de Doencas Transmissiveis na Amazonia
PP154165	PP154165.1	LACENAC_ILMD_0096	2023-03-02	South America	Brazil	Acre_Acrelandia		4317	Homo sapiens	2024-02-04	2024-02-04		Almeida,T.,Silva,D.,Nascimento,F.,Mejia,M.,Nascimento,V.,Souza,V.,Oliveira,Y.,Casseb,L.,Chiang,J.,Cruz,A.C.,Rodrigues,J.T.,Morais,M.A.,Silva,C.,Vieira,D.,Meneses,C.,Maito,R.,Arcanjo,A.R.,Araujo,G.,Amorim,T.,Barros,D.,Delatorre,E.,Graf,T.,Wallau,G.,Bello,G.,Naveca,F.	Almeida et al.	Instituto Leonidas e Maria Deane - Fiocruz Amazonia, Laboratorio de Ecologia de Doencas Transmissiveis na Amazonia
PP154168	PP154168.1	LACENAC_ILMD_0093	2023-03-01	South America	Brazil	Acre_Acrelandia		4317	Homo sapiens	2024-02-04	2024-02-04		Almeida,T.,Silva,D.,Nascimento,F.,Mejia,M.,Nascimento,V.,Souza,V.,Oliveira,Y.,Casseb,L.,Chiang,J.,Cruz,A.C.,Rodrigues,J.T.,Morais,M.A.,Silva,C.,Vieira,D.,Meneses,C.,Maito,R.,Arcanjo,A.R.,Araujo,G.,Amorim,T.,Barros,D.,Delatorre,E.,Graf,T.,Wallau,G.,Bello,G.,Naveca,F.	Almeida et al.	Instituto Leonidas e Maria Deane - Fiocruz Amazonia, Laboratorio de Ecologia de Doencas Transmissiveis na Amazonia
PP154171	PP154171.1	ILMD_TF29	2015-04-13	South America	Brazil	Amazonas_Tefe		4371	Homo sapiens	2024-02-04	2024-02-04		Almeida,T.,Silva,D.,Nascimento,F.,Mejia,M.,Nascimento,V.,Souza,V.,Oliveira,Y.,Casseb,L.,Chiang,J.,Cruz,A.C.,Rodrigues,J.T.,Morais,M.A.,Silva,C.,Vieira,D.,Meneses,C.,Maito,R.,Arcanjo,A.R.,Araujo,G.,Amorim,T.,Barros,D.,Delatorre,E.,Graf,T.,Wallau,G.,Bello,G.,Naveca,F.	Almeida et al.	Instituto Leonidas e Maria Deane - Fiocruz Amazonia, Laboratorio de Ecologia de Doencas Transmissiveis na Amazonia
PP357049	PP357049.1	PP357049	1991-XX-XX	South America	Brazil			4385	Homo sapiens	2024-03-02	2024-03-02		Marano,J.M.,Bowen,R.A.,Bosco-Lauth,A.M.	Marano et al.	Colorado State University, Biomedical Sciences
PP952118	PP952118.2	IRCCS-SCDC_1/2024	2024-06-XX	Europe	Italy	Irccs Sacro Cuore Don Calabria	Negrar di Valpolicella, Vr	4373	Homo sapiens	2024-07-02	2024-07-19		Deiana,M.,Malago',S.,Piubelli,C.,Castilletti,C.	Deiana et al.	IRCCS Sacro Cuore Don Calabria Hospital, Department of Infectious - Tropical Diseases and Microbiology
PP966972	PP966972.1	FPI21207	2023-12-28	South America	Peru	Loreto	Maynas	4215	Homo sapiens	2024-07-11	2024-07-11		Espinoza,A.,Castillo,R.,Cruz,C.D.,Troncos,G.,Espejo,V.,Silva,M.,Ampuero,J.S.	Espinoza et al.	NAMRU-SOUTH, VEID
PP966973	PP966973.1	FPI21246	2024-01-16	South America	Peru	Loreto	Maynas	4392	Homo sapiens	2024-07-11	2024-07-11		Espinoza,A.,Castillo,R.,Cruz,C.D.,Troncos,G.,Espejo,V.,Silva,M.,Ampuero,J.S.	Espinoza et al.	NAMRU-SOUTH, VEID
PP966974	PP966974.1	FPI21318	2024-01-31	South America	Peru	Loreto	Maynas	4347	Homo sapiens	2024-07-11	2024-07-11		Espinoza,A.,Castillo,R.,Cruz,C.D.,Troncos,G.,Espejo,V.,Silva,M.,Ampuero,J.S.	Espinoza et al.	NAMRU-SOUTH, VEID
PP966975	PP966975.1	FPI21339	2024-02-06	South America	Peru	Loreto	Maynas	4302	Homo sapiens	2024-07-11	2024-07-11		Espinoza,A.,Castillo,R.,Cruz,C.D.,Troncos,G.,Espejo,V.,Silva,M.,Ampuero,J.S.	Espinoza et al.	NAMRU-SOUTH, VEID
PP966976	PP966976.1	FPM01278	2023-12-18	South America	Peru	Madre de Dios	Puerto Maldonado	4353	Homo sapiens	2024-07-11	2024-07-11		Espinoza,A.,Castillo,R.,Cruz,C.D.,Troncos,G.,Espejo,V.,Silva,M.,Ampuero,J.S.	Espinoza et al.	NAMRU-SOUTH, VEID
PP966977	PP966977.1	FPM01282	2024-01-05	South America	Peru	Madre de Dios	Puerto Maldonado	4350	Homo sapiens	2024-07-11	2024-07-11		Espinoza,A.,Castillo,R.,Cruz,C.D.,Troncos,G.,Espejo,V.,Silva,M.,Ampuero,J.S.	Espinoza et al.	NAMRU-SOUTH, VEID
PP966978	PP966978.1	FPM01287	2024-01-15	South America	Peru	Madre de Dios	Puerto Maldonado	4362	Homo sapiens	2024-07-11	2024-07-11		Espinoza,A.,Castillo,R.,Cruz,C.D.,Troncos,G.,Espejo,V.,Silva,M.,Ampuero,J.S.	Espinoza et al.	NAMRU-SOUTH, VEID
PP966979	PP966979.1	FPY01655	2022-02-21	South America	Peru	Loreto	Alto Amazonas	4329	Homo sapiens	2024-07-11	2024-07-11		Espinoza,A.,Castillo,R.,Cruz,C.D.,Troncos,G.,Espejo,V.,Silva,M.,Ampuero,J.S.	Espinoza et al.	NAMRU-SOUTH, VEID
